# Blender v2.82 (sub 7) OBJ File: 'low poly color.blend'
# www.blender.org
mtllib mazarequidobj color.mtl
o Sphere
v -1.815006 4.064970 0.094444
v -1.815006 4.453842 0.094444
v -1.815006 4.064970 -0.102370
v -1.815006 4.453842 -0.102370
v -1.815006 4.301675 0.064010
v -1.815006 4.301675 -0.071936
v -1.815006 4.013508 -0.003963
v -1.815006 4.498350 -0.003963
v -1.815006 4.308630 -0.003963
v -1.815006 4.064970 -0.253401
v -1.815006 4.453842 -0.253401
v -1.815007 4.064970 -0.450215
v -1.815007 4.453842 -0.450215
v -1.815006 4.301675 -0.283834
v -1.815007 4.301675 -0.419781
v -1.815007 4.498350 -0.351808
v -1.815007 4.013508 -0.351808
v -1.815007 4.308630 -0.351808
v -1.815006 4.064970 0.456202
v -1.815006 4.453842 0.456202
v -1.815006 4.064970 0.259389
v -1.815006 4.453842 0.259389
v -1.815006 4.301675 0.425769
v -1.815006 4.301675 0.289822
v -1.815006 4.013508 0.357796
v -1.815006 4.498350 0.357796
v -1.815006 4.308630 0.357796
v 1.782451 4.064970 0.094444
v 1.782451 4.453842 0.094444
v 1.782451 4.064970 -0.102370
v 1.782451 4.453842 -0.102370
v 1.782451 4.301675 0.064010
v 1.782451 4.301675 -0.071936
v 1.782451 4.013508 -0.003963
v 1.782451 4.498350 -0.003963
v 1.782451 4.308630 -0.003963
v 1.782451 4.064970 -0.253401
v 1.782451 4.453842 -0.253401
v 1.782451 4.064970 -0.450215
v 1.782451 4.453842 -0.450215
v 1.782451 4.301675 -0.283834
v 1.782451 4.301675 -0.419781
v 1.782451 4.498350 -0.351808
v 1.782451 4.013508 -0.351808
v 1.782451 4.308630 -0.351808
v 1.782451 4.064970 0.456202
v 1.782451 4.453842 0.456202
v 1.782451 4.064970 0.259389
v 1.782451 4.453842 0.259389
v 1.782451 4.301675 0.425769
v 1.782451 4.301675 0.289822
v 1.782451 4.013508 0.357796
v 1.782451 4.498350 0.357796
v 1.782451 4.308630 0.357796
v -0.130462 4.064970 -1.834079
v -0.130462 4.453842 -1.834079
v 0.066352 4.064970 -1.834079
v 0.066352 4.453842 -1.834079
v -0.100028 4.301675 -1.834079
v 0.035918 4.301675 -1.834079
v -0.032055 4.013508 -1.834079
v -0.032055 4.498350 -1.834079
v -0.032055 4.308630 -1.834079
v 0.217383 4.064970 -1.834079
v 0.217383 4.453842 -1.834079
v 0.414197 4.064970 -1.834079
v 0.414197 4.453842 -1.834079
v 0.247816 4.301675 -1.834079
v 0.383763 4.301675 -1.834079
v 0.315790 4.498350 -1.834079
v 0.315790 4.013508 -1.834079
v 0.315790 4.308630 -1.834079
v -0.492220 4.064970 -1.834079
v -0.492220 4.453842 -1.834079
v -0.295407 4.064970 -1.834079
v -0.295407 4.453842 -1.834079
v -0.461787 4.301675 -1.834079
v -0.325840 4.301675 -1.834079
v -0.393814 4.013508 -1.834079
v -0.393814 4.498350 -1.834079
v -0.393814 4.308630 -1.834079
v -0.130462 4.064970 1.819403
v -0.130462 4.453842 1.819403
v 0.066352 4.064970 1.819403
v 0.066352 4.453842 1.819403
v -0.100028 4.301675 1.819403
v 0.035918 4.301675 1.819403
v -0.032055 4.013508 1.819403
v -0.032055 4.498350 1.819403
v -0.032055 4.308630 1.819403
v 0.217383 4.064970 1.819403
v 0.217383 4.453842 1.819403
v 0.414197 4.064970 1.819403
v 0.414197 4.453842 1.819403
v 0.247816 4.301675 1.819403
v 0.383763 4.301675 1.819403
v 0.315790 4.498350 1.819403
v 0.315790 4.013508 1.819403
v 0.315790 4.308630 1.819403
v -0.492220 4.064970 1.819403
v -0.492220 4.453842 1.819403
v -0.295407 4.064970 1.819403
v -0.295407 4.453842 1.819403
v -0.461787 4.301675 1.819403
v -0.325840 4.301675 1.819403
v -0.393814 4.013508 1.819403
v -0.393814 4.498350 1.819403
v -0.393814 4.308630 1.819403
v 0.000000 6.360563 -0.379268
v 0.000000 6.244436 -0.743960
v 0.000000 6.055855 -1.080063
v 0.000000 5.802069 -1.374660
v 0.000000 5.492829 -1.616429
v 0.000000 5.140020 -1.796079
v 0.000000 4.757200 -1.906708
v 0.000000 3.703104 -1.944062
v 0.073992 6.360563 -0.371980
v 0.145140 6.244436 -0.729665
v 0.210710 6.055855 -1.059310
v 0.268183 5.802069 -1.348246
v 0.315350 5.492829 -1.585369
v 0.350398 5.140020 -1.761568
v 0.371980 4.757200 -1.870071
v 0.379268 3.703104 -1.906708
v 0.073991 2.357596 -0.371980
v 0.145140 6.360563 -0.350398
v 0.284702 6.244436 -0.687330
v 0.413323 6.055855 -0.997848
v 0.526060 5.802069 -1.270020
v 0.618581 5.492829 -1.493385
v 0.687330 5.140020 -1.659361
v 0.729666 4.757200 -1.761568
v 0.743961 3.703104 -1.796079
v 0.145140 2.357596 -0.350397
v 0.210710 6.360563 -0.315349
v 0.413323 6.244436 -0.618580
v 0.600051 6.055855 -0.898040
v 0.763720 5.802069 -1.142987
v 0.898040 5.492829 -1.344011
v 0.997848 5.140020 -1.493385
v 1.059310 4.757200 -1.585369
v 1.080063 3.703104 -1.616428
v 0.210710 2.357596 -0.315349
v 0.268183 6.360563 -0.268183
v 0.526060 6.244436 -0.526059
v 0.763720 6.055855 -0.763720
v 0.972031 5.802069 -0.972031
v 1.142988 5.492829 -1.142987
v 1.270020 5.140020 -1.270020
v 1.348246 4.757200 -1.348246
v 1.374660 3.703104 -1.374659
v 0.268183 2.357596 -0.268182
v 0.315350 6.360563 -0.210710
v 0.618581 6.244436 -0.413322
v 0.898040 6.055855 -0.600051
v 1.142988 5.802069 -0.763720
v 1.344012 5.492829 -0.898039
v 1.493386 5.140020 -0.997848
v 1.585370 4.757200 -1.059309
v 1.616429 3.703104 -1.080063
v 0.315350 2.357596 -0.210709
v 0.350398 6.360563 -0.145139
v 0.687330 6.244436 -0.284701
v 0.997849 6.055855 -0.413322
v 1.270020 5.802069 -0.526059
v 1.493386 5.492829 -0.618580
v 1.659361 5.140020 -0.687329
v 1.761568 4.757200 -0.729665
v 1.796080 3.703104 -0.743960
v 0.350398 2.357596 -0.145139
v 0.371981 6.360563 -0.073991
v 0.729666 6.244436 -0.145139
v 1.059310 6.055855 -0.210709
v 1.348246 5.802069 -0.268182
v 1.585370 5.492829 -0.315349
v 1.761568 5.140020 -0.350397
v 1.870071 4.757200 -0.371979
v 1.906708 3.703104 -0.379267
v 0.371980 2.357596 -0.073991
v 0.379268 6.360563 0.000001
v 0.743961 6.244436 0.000001
v 1.080064 6.055855 0.000001
v 1.374660 5.802069 0.000001
v 1.616429 5.492829 0.000001
v 1.796080 5.140020 0.000001
v 1.906708 4.757200 0.000001
v 1.944063 3.703104 0.000001
v 0.379268 2.357596 0.000001
v 0.371981 6.360563 0.073992
v 0.729666 6.244436 0.145140
v 1.059310 6.055855 0.210711
v 1.348246 5.802069 0.268183
v 1.585370 5.492829 0.315350
v 1.761568 5.140020 0.350398
v 1.870071 4.757200 0.371981
v 1.906708 3.703104 0.379269
v 0.350398 6.360563 0.145140
v 0.687330 6.244436 0.284702
v 0.997849 6.055855 0.413323
v 1.270020 5.802069 0.526060
v 1.493385 5.492829 0.618581
v 1.659361 5.140020 0.687330
v 1.761568 4.757200 0.729666
v 1.796080 3.703104 0.743961
v 0.315350 6.360563 0.210711
v 0.618581 6.244436 0.413323
v 0.898040 6.055855 0.600052
v 1.142988 5.802069 0.763721
v 1.344011 5.492829 0.898040
v 1.493386 5.140020 0.997849
v 1.585369 4.757200 1.059311
v 1.616429 3.703104 1.080064
v 0.268183 6.360563 0.268184
v 0.526060 6.244436 0.526060
v 0.763720 6.055855 0.763721
v 0.972031 5.802069 0.972032
v 1.142988 5.492829 1.142988
v 1.270020 5.140020 1.270020
v 1.348246 4.757200 1.348246
v 1.374660 3.703104 1.374660
v 0.210710 6.360563 0.315351
v 0.413323 6.244436 0.618581
v 0.600051 6.055855 0.898040
v 0.763720 5.802069 1.142988
v 0.898040 5.492829 1.344012
v 0.997848 5.140020 1.493386
v 1.059310 4.757200 1.585370
v 1.080063 3.703104 1.616430
v 0.145140 6.360563 0.350399
v 0.284701 6.244436 0.687331
v 0.413322 6.055855 0.997849
v 0.526059 5.802069 1.270020
v 0.618580 5.492829 1.493386
v 0.687330 5.140020 1.659361
v 0.729665 4.757200 1.761569
v 0.743960 3.703104 1.796080
v 0.073992 6.360563 0.371981
v 0.145140 6.244436 0.729666
v 0.210710 6.055855 1.059311
v 0.268183 5.802069 1.348247
v 0.315349 5.492829 1.585370
v 0.350398 5.140020 1.761569
v 0.371980 4.757200 1.870071
v 0.379268 3.703104 1.906708
v -0.000000 6.360563 0.379269
v 0.000000 6.244436 0.743961
v 0.000000 6.055855 1.080064
v -0.000000 5.802069 1.374660
v -0.000000 5.492829 1.616429
v 0.000000 5.140020 1.796080
v -0.000000 4.757200 1.906708
v -0.000000 3.703104 1.944063
v -0.073992 6.360563 0.371981
v -0.145139 6.244436 0.729666
v -0.210710 6.055855 1.059311
v -0.268183 5.802069 1.348246
v -0.315350 5.492829 1.585370
v -0.350398 5.140020 1.761569
v -0.371980 4.757200 1.870071
v -0.379268 3.703104 1.906708
v -0.145140 6.360563 0.350399
v -0.284701 6.244436 0.687330
v -0.413322 6.055855 0.997849
v -0.526059 5.802069 1.270020
v -0.618580 5.492829 1.493385
v -0.687330 5.140020 1.659361
v -0.729665 4.757200 1.761568
v -0.743961 3.703104 1.796080
v -0.210710 6.360563 0.315350
v -0.413322 6.244436 0.618581
v -0.600051 6.055855 0.898040
v -0.763720 5.802069 1.142988
v -0.898040 5.492829 1.344011
v -0.997848 5.140020 1.493386
v -1.059310 4.757200 1.585369
v -1.080063 3.703104 1.616429
v -0.000000 6.399775 0.000001
v -0.268183 6.360563 0.268184
v -0.526059 6.244436 0.526060
v -0.763720 6.055855 0.763721
v -0.972031 5.802069 0.972032
v -1.142987 5.492829 1.142988
v -1.270020 5.140020 1.270020
v -1.348246 4.757200 1.348246
v -1.374660 3.703104 1.374660
v -0.315350 6.360563 0.210711
v -0.618580 6.244436 0.413323
v -0.898040 6.055855 0.600052
v -1.142988 5.802069 0.763720
v -1.344011 5.492829 0.898040
v -1.493385 5.140020 0.997849
v -1.585369 4.757200 1.059310
v -1.616429 3.703104 1.080063
v -0.350398 6.360563 0.145140
v -0.687330 6.244436 0.284702
v -0.997848 6.055855 0.413323
v -1.270020 5.802069 0.526060
v -1.493385 5.492829 0.618581
v -1.659361 5.140020 0.687330
v -1.761568 4.757200 0.729665
v -1.796079 3.703104 0.743961
v -0.371980 6.360563 0.073992
v -0.729665 6.244436 0.145140
v -1.059310 6.055855 0.210710
v -1.348246 5.802069 0.268183
v -1.585369 5.492829 0.315350
v -1.761568 5.140020 0.350398
v -1.870070 4.757200 0.371980
v -1.906707 3.703104 0.379268
v -0.379268 6.360563 0.000001
v -0.743960 6.244436 0.000001
v -1.080063 6.055855 0.000001
v -1.374659 5.802069 0.000000
v -1.616428 5.492829 0.000000
v -1.796079 5.140020 0.000001
v -1.906707 4.757200 0.000000
v -1.944062 3.703104 0.000000
v -0.371980 6.360563 -0.073991
v -0.729665 6.244436 -0.145139
v -1.059310 6.055855 -0.210709
v -1.348246 5.802069 -0.268182
v -1.585369 5.492829 -0.315349
v -1.761568 5.140020 -0.350397
v -1.870070 4.757200 -0.371980
v -1.906707 3.703104 -0.379267
v -0.371980 2.357596 -0.073991
v -0.350398 6.360563 -0.145139
v -0.687330 6.244436 -0.284701
v -0.997848 6.055855 -0.413322
v -1.270020 5.802069 -0.526059
v -1.493384 5.492829 -0.618580
v -1.659361 5.140020 -0.687329
v -1.761567 4.757200 -0.729665
v -1.796079 3.703104 -0.743960
v -0.350398 2.357596 -0.145139
v -0.315350 6.360563 -0.210709
v -0.618580 6.244436 -0.413322
v -0.898039 6.055855 -0.600050
v -1.142987 5.802069 -0.763719
v -1.344010 5.492829 -0.898039
v -1.493385 5.140020 -0.997847
v -1.585368 4.757200 -1.059309
v -1.616428 3.703104 -1.080063
v -0.315349 2.357596 -0.210709
v -0.268183 6.360563 -0.268182
v -0.526059 6.244436 -0.526059
v -0.763720 6.055855 -0.763719
v -0.972031 5.802069 -0.972031
v -1.142987 5.492829 -1.142987
v -1.270020 5.140020 -1.270019
v -1.348245 4.757200 -1.348245
v -1.374659 3.703104 -1.374659
v -0.268183 2.357596 -0.268182
v -0.210710 6.360563 -0.315349
v -0.413322 6.244436 -0.618580
v -0.600051 6.055855 -0.898039
v -0.763720 5.802069 -1.142987
v -0.898039 5.492829 -1.344010
v -0.997848 5.140020 -1.493384
v -1.059309 4.757200 -1.585368
v -1.080062 3.703104 -1.616428
v -0.210710 2.357596 -0.315349
v -0.145140 6.360563 -0.350397
v -0.284701 6.244436 -0.687329
v -0.413322 6.055855 -0.997847
v -0.526059 5.802069 -1.270019
v -0.618580 5.492829 -1.493384
v -0.687330 5.140020 -1.659360
v -0.729664 4.757200 -1.761567
v -0.743960 3.703104 -1.796078
v -0.145139 2.357596 -0.350397
v -0.073991 6.360563 -0.371980
v -0.145139 6.244436 -0.729665
v -0.210710 6.055855 -1.059309
v -0.268182 5.802069 -1.348245
v -0.315349 5.492829 -1.585368
v -0.350398 5.140020 -1.761567
v -0.371979 4.757200 -1.870069
v -0.379267 3.703104 -1.906706
v -0.073991 2.357596 -0.371979
v 0.000000 2.357596 -0.379267
v -2.564447 0.645670 -0.791722
v -2.440761 2.552834 -0.302058
v -2.564447 0.645670 0.528756
v -2.440761 2.552834 0.034188
v -2.434815 2.644522 -0.018702
v -2.434815 2.644522 -0.249168
v -2.430073 2.717641 -0.091757
v -2.430073 2.717641 -0.176113
v -2.471683 2.076043 0.246109
v -2.502604 1.599252 0.399178
v -2.533525 1.122462 0.503202
v -2.533525 1.122462 -0.751454
v -2.502604 1.599252 -0.657238
v -2.471683 2.076043 -0.518883
v -2.561415 0.692409 -0.764635
v -2.561415 0.692409 0.503314
v -2.473511 2.047840 -0.500538
v -2.442960 2.518936 -0.286303
v -2.534329 1.110071 0.480928
v -2.442948 2.519109 0.018333
v -2.437373 2.605076 -0.031257
v -2.433104 2.670903 -0.097026
v -2.433104 2.670903 -0.170844
v -2.437373 2.605076 -0.236613
v -2.473548 2.047280 0.228048
v -2.504066 1.576718 0.379117
v -2.534362 1.109555 -0.729405
v -2.503956 1.578412 -0.636757
v -2.267758 0.673364 -0.764635
v -2.267758 0.673364 0.503314
v -2.179854 2.028795 -0.500538
v -2.149302 2.499892 -0.286303
v -2.240671 1.091026 0.480928
v -2.149291 2.500064 0.018333
v -2.143716 2.586032 -0.031257
v -2.139446 2.651858 -0.097026
v -2.139446 2.651858 -0.170844
v -2.143716 2.586032 -0.236613
v -2.179890 2.028236 0.228048
v -2.210408 1.557673 0.379117
v -2.240705 1.090510 -0.729405
v -2.210298 1.559367 -0.636757
v -2.599318 0.694867 -0.764635
v -2.599318 0.694867 0.503314
v -2.511414 2.050298 -0.500538
v -2.480862 2.521394 -0.286303
v -2.572232 1.112529 0.480928
v -2.480851 2.521567 0.018333
v -2.475276 2.607534 -0.031257
v -2.471006 2.673361 -0.097026
v -2.471006 2.673361 -0.170844
v -2.475276 2.607534 -0.236613
v -2.511451 2.049739 0.228048
v -2.541968 1.579176 0.379117
v -2.572265 1.112013 -0.729405
v -2.541858 1.580870 -0.636757
v -2.602349 0.648129 -0.791722
v -2.602349 0.648129 0.528756
v -2.509585 2.078501 -0.518883
v -2.478664 2.555292 -0.302058
v -2.571428 1.124919 0.503202
v -2.478664 2.555292 0.034188
v -2.472718 2.646980 -0.018702
v -2.467975 2.720099 -0.091757
v -2.467975 2.720099 -0.176113
v -2.472718 2.646980 -0.249168
v -2.509585 2.078501 0.246109
v -2.540507 1.601710 0.399178
v -2.571428 1.124919 -0.751454
v -2.540507 1.601711 -0.657238
v -2.228951 1.271749 -0.041280
v -2.241805 1.073542 -0.004895
v -2.213625 1.508071 -0.104226
v -2.254660 0.875335 -0.278402
v -2.211653 1.538468 -0.121591
v -2.216097 1.469955 -0.091654
v -2.267514 0.677128 -0.287974
v -2.241805 1.073542 -0.256007
v -2.228951 1.271749 -0.223120
v -2.211653 1.538468 -0.141643
v -2.267514 0.677128 0.025906
v -2.213625 1.508071 -0.159008
v -2.216097 1.469955 -0.171580
v -2.254660 0.875335 0.019832
v -2.216097 1.469955 0.215775
v -2.228951 1.271749 0.164235
v -2.241805 1.073542 0.382460
v -2.216096 1.469955 0.295702
v -2.241805 1.073542 0.131348
v -2.211653 1.538468 0.265764
v -2.254660 0.875335 0.407187
v -2.213625 1.508071 0.283129
v -2.211653 1.538468 0.245713
v -2.267514 0.677128 0.099381
v -2.254660 0.875335 0.108953
v -2.213625 1.508071 0.228347
v -2.267514 0.677128 0.413261
v -2.228951 1.271749 0.346076
v -2.216097 1.469955 -0.558936
v -2.228951 1.271749 -0.610475
v -2.241805 1.073542 -0.392251
v -2.216097 1.469955 -0.479009
v -2.241805 1.073542 -0.643363
v -2.211653 1.538468 -0.508947
v -2.254660 0.875335 -0.367524
v -2.213625 1.508071 -0.491581
v -2.211653 1.538468 -0.528998
v -2.267514 0.677128 -0.675330
v -2.254660 0.875335 -0.665758
v -2.213625 1.508071 -0.546364
v -2.267514 0.677128 -0.361450
v -2.228951 1.271749 -0.428635
v -0.637556 0.661268 2.508787
v -0.147892 2.568221 2.381904
v 0.682922 0.661268 2.508787
v 0.188354 2.568221 2.381904
v 0.135464 2.659899 2.375804
v -0.095002 2.659899 2.375804
v 0.062409 2.733010 2.370940
v -0.021948 2.733010 2.370940
v 0.400275 2.091483 2.413625
v 0.553343 1.614744 2.445346
v 0.657367 1.138006 2.477067
v -0.597289 1.138006 2.477067
v -0.503073 1.614745 2.445346
v -0.364718 2.091483 2.413625
v -0.610469 0.708001 2.505678
v 0.657479 0.708001 2.505678
v -0.346373 2.063283 2.415501
v -0.132137 2.534327 2.384160
v 0.635094 1.125617 2.477891
v 0.172499 2.534500 2.384148
v 0.122909 2.620458 2.378429
v 0.057140 2.686277 2.374049
v -0.016679 2.686277 2.374049
v -0.082447 2.620458 2.378429
v 0.382214 2.062723 2.415539
v 0.533283 1.592213 2.446845
v -0.575239 1.125101 2.477925
v -0.482591 1.593906 2.446732
v -0.610469 0.688464 2.212052
v 0.657479 0.688464 2.212052
v -0.346373 2.043746 2.121876
v -0.132137 2.514790 2.090534
v 0.635094 1.106080 2.184266
v 0.172499 2.514963 2.090523
v 0.122909 2.600921 2.084804
v 0.057140 2.666740 2.080424
v -0.016679 2.666740 2.080424
v -0.082447 2.600921 2.084804
v 0.382214 2.043186 2.121913
v 0.533283 1.572676 2.153220
v -0.575239 1.105564 2.184300
v -0.482591 1.574370 2.153107
v -0.610469 0.710523 2.543576
v 0.657479 0.710523 2.543576
v -0.346373 2.065805 2.453400
v -0.132137 2.536849 2.422058
v 0.635094 1.128139 2.515789
v 0.172499 2.537021 2.422046
v 0.122909 2.622979 2.416327
v 0.057140 2.688798 2.411948
v -0.016679 2.688798 2.411948
v -0.082447 2.622979 2.416327
v 0.382214 2.065245 2.453437
v 0.533283 1.594734 2.484744
v -0.575239 1.127623 2.515824
v -0.482591 1.596428 2.484631
v -0.637556 0.663790 2.546686
v 0.682922 0.663790 2.546686
v -0.364718 2.094004 2.451524
v -0.147892 2.570743 2.419803
v 0.657367 1.140528 2.514965
v 0.188354 2.570743 2.419803
v 0.135464 2.662421 2.413703
v 0.062409 2.735532 2.408838
v -0.021948 2.735532 2.408838
v -0.095002 2.662421 2.413703
v 0.400275 2.094004 2.451524
v 0.553343 1.617266 2.483244
v -0.597289 1.140528 2.514965
v -0.503073 1.617266 2.483244
v 0.112886 1.286783 2.172242
v 0.149270 1.088598 2.185429
v 0.049940 1.523079 2.156520
v -0.124237 0.890412 2.198616
v 0.032575 1.553473 2.154498
v 0.062512 1.484968 2.159055
v -0.133808 0.692227 2.211802
v -0.101842 1.088598 2.185429
v -0.068954 1.286783 2.172242
v 0.012523 1.553473 2.154498
v 0.180072 0.692227 2.211802
v -0.004842 1.523079 2.156520
v -0.017415 1.484968 2.159055
v 0.173997 0.890412 2.198616
v 0.369941 1.484968 2.159056
v 0.318401 1.286783 2.172242
v 0.536626 1.088598 2.185429
v 0.449867 1.484968 2.159055
v 0.285514 1.088598 2.185429
v 0.419930 1.553473 2.154498
v 0.561353 0.890412 2.198616
v 0.437295 1.523079 2.156520
v 0.399878 1.553473 2.154498
v 0.253547 0.692227 2.211802
v 0.263118 0.890412 2.198616
v 0.382513 1.523079 2.156520
v 0.567427 0.692227 2.211802
v 0.500241 1.286783 2.172242
v -0.404770 1.484968 2.159056
v -0.456310 1.286783 2.172242
v -0.238085 1.088598 2.185429
v -0.324844 1.484968 2.159056
v -0.489197 1.088598 2.185429
v -0.354781 1.553473 2.154498
v -0.213358 0.890412 2.198616
v -0.337416 1.523079 2.156520
v -0.374833 1.553473 2.154498
v -0.521164 0.692227 2.211802
v -0.511592 0.890412 2.198616
v -0.392198 1.523079 2.156520
v -0.207284 0.692227 2.211802
v -0.274470 1.286783 2.172242
v -2.552581 0.687495 2.505669
v -2.351601 3.869271 2.304690
v -2.552581 0.687495 -2.505669
v -2.351601 3.869271 -2.304690
v 2.458757 0.687495 2.505669
v 2.257778 3.869271 2.304690
v 2.458757 0.687495 -2.505669
v 2.257778 3.869271 -2.304690
v 1.363924 0.687495 -2.505669
v -1.457748 0.687495 -2.505669
v -1.344585 3.869271 -2.304690
v 1.250762 3.869271 -2.304690
v -1.457748 0.687495 2.505669
v 1.363924 0.687495 2.505669
v 1.250761 3.869271 2.304690
v -1.344585 3.869271 2.304690
v -2.414579 2.872252 2.367667
v -2.414579 2.872252 -2.367667
v 2.320755 2.872252 -2.367667
v 2.320755 2.872252 2.367667
v 1.286221 2.872252 2.367667
v -1.380045 2.872252 2.367667
v -1.380045 2.872252 -2.367667
v 1.286222 2.872252 -2.367667
v -0.046912 3.869271 -2.304690
v -0.046912 3.869271 2.304690
v -0.046912 2.872252 -2.367667
v -0.046912 2.872252 2.367667
v -2.552581 0.687495 -1.400379
v -2.552581 0.687495 1.400379
v -2.351601 3.869271 1.288055
v -2.351601 3.869271 -1.288055
v 2.458757 0.687495 1.400379
v 2.458757 0.687495 -1.400379
v 2.257778 3.869271 -1.288055
v 2.257778 3.869271 1.288055
v 1.250762 3.869271 -1.288055
v 1.250761 3.869271 1.288055
v -1.344585 3.869271 -1.288055
v -1.344585 3.869271 1.288055
v -1.457748 0.687495 -1.400379
v -1.457748 0.687495 1.400379
v 1.363924 0.687495 -1.400379
v 1.363924 0.687495 1.400379
v 2.320755 2.872252 -1.323252
v 2.320755 2.872252 1.323252
v -2.414579 2.872252 1.323252
v -2.414579 2.872252 -1.323252
v -0.046912 0.687495 -1.400379
v -0.046912 0.687495 1.400379
v -0.046912 3.869271 -1.288055
v -0.046912 3.869271 1.288055
v -2.327103 4.234141 -1.274363
v -2.327103 4.234141 -2.280191
v 1.236968 4.234141 -2.280191
v 2.233280 4.234141 -2.280191
v 2.233280 4.234141 1.274363
v 2.233280 4.234141 2.280191
v -1.330791 4.234141 2.280191
v -2.327103 4.234141 2.280191
v -1.330791 4.234141 -2.280191
v 1.236967 4.234141 2.280191
v -1.828947 3.869271 -1.777277
v -1.828947 3.869271 1.777277
v -2.327103 4.234141 1.274363
v 2.233280 4.234141 -1.274363
v 1.735124 3.869271 1.777277
v 1.735124 3.869271 -1.777277
v 0.057140 2.666702 -2.380651
v 0.122909 2.600738 -2.384817
v -0.016679 2.666702 -2.380651
v 0.172499 2.514590 -2.390259
v 0.382214 2.041770 -2.420125
v 0.533283 1.570219 -2.449911
v 0.635094 1.102592 -2.479449
v 0.657295 0.687495 -2.505669
v -2.427563 2.666701 -0.177490
v -2.427563 2.666701 -0.103672
v -2.431729 2.600736 -0.037903
v -2.431729 2.600736 -0.243259
v -2.437182 2.514415 0.011787
v -2.437171 2.514588 -0.292849
v -2.467037 2.041769 -0.502564
v -2.467001 2.042330 0.226022
v -2.496716 1.571915 0.362241
v -2.496823 1.570218 -0.653633
v -2.342584 0.687495 -0.777645
v -2.526361 1.102591 -0.755444
v -2.526393 1.102073 0.454889
v -2.552581 0.687495 -0.777645
v -2.342584 0.687495 0.489829
v -2.552581 0.687495 0.489829
v 2.333739 2.666701 -0.177490
v 2.333739 2.666701 -0.103672
v 2.337906 2.600736 -0.037903
v 2.337906 2.600736 -0.243259
v 2.343358 2.514415 0.011787
v 2.343347 2.514588 -0.292849
v 2.373213 2.041769 -0.502564
v 2.373178 2.042330 0.226022
v 2.402892 1.571915 0.362241
v 2.402999 1.570218 -0.653633
v 2.432537 1.102591 -0.755444
v 2.432570 1.102073 0.454889
v 2.250779 0.687495 -0.777645
v 2.458757 0.687495 -0.777645
v 2.250779 0.687495 0.489829
v 2.458757 0.687495 0.489829
v -0.023671 2.666701 2.380651
v -0.046912 2.643391 2.382123
v 0.165606 2.514415 2.390270
v 0.115917 2.600736 2.384817
v -0.089439 2.600736 2.384818
v 0.050148 2.666701 2.380651
v -0.139029 2.514588 2.390259
v -0.348745 2.041769 2.420125
v 0.379842 2.042330 2.420090
v 0.516061 1.571915 2.449804
v -0.499814 1.570218 2.449911
v 0.608709 1.102073 2.479482
v -0.623826 0.687495 2.305462
v -0.601625 1.102591 2.479449
v 0.643648 0.687495 2.505669
v 0.643648 0.687495 2.305461
v -0.046912 0.687495 2.305462
v -0.623826 0.687495 2.505669
v -0.023671 2.666701 -2.380651
v 0.050148 2.666701 -2.380651
v 0.115917 2.600736 -2.384817
v 0.165606 2.514415 -2.390270
v -0.089439 2.600736 -2.384818
v -0.046912 2.643391 -2.382123
v -0.139029 2.514588 -2.390259
v -0.348745 2.041769 -2.420125
v 0.379842 2.042330 -2.420090
v 0.516061 1.571915 -2.449804
v -0.499814 1.570218 -2.449911
v 0.608709 1.102073 -2.479482
v -0.601625 1.102591 -2.479449
v 0.643648 0.687495 -2.316869
v 0.643648 0.687495 -2.505669
v -0.046912 0.687495 -2.316869
v -0.623826 0.687495 -2.316869
v -0.623826 0.687495 -2.505669
v 0.032103 2.666701 -2.380651
v -2.005164 0.687495 -2.505669
v -1.848093 3.869271 2.304690
v -1.848093 3.869271 -2.304690
v -2.005164 0.687495 2.505669
v -1.897312 2.872252 -2.367667
v -1.897312 2.872252 2.367667
v -2.005164 0.687495 -1.400379
v -2.005164 0.687495 1.400379
v -1.848093 3.869271 -1.288055
v -1.848093 3.869271 1.288055
v -1.828947 4.234141 2.280191
v -1.828947 4.234141 -2.280191
v -1.828947 4.234141 -1.274363
v -1.828947 4.234141 1.274363
v 1.754270 3.869271 -2.304690
v 1.911341 0.687495 2.505669
v 1.911341 0.687495 -2.505669
v 1.754269 3.869271 2.304690
v 1.803488 2.872252 2.367667
v 1.803488 2.872252 -2.367667
v 1.754269 3.869271 -1.288055
v 1.754269 3.869271 1.288055
v 1.911341 0.687495 -1.400379
v 1.911341 0.687495 1.400379
v 1.735124 4.234141 -2.280191
v 1.735124 4.234141 2.280191
v 1.735124 4.234141 -1.274363
v 1.735124 4.234141 1.274363
v -2.552581 0.687495 1.953024
v 2.257778 3.869271 1.796372
v 1.250761 3.869271 1.796372
v -1.344585 3.869271 1.796372
v -1.457748 0.687495 1.953024
v 1.363924 0.687495 1.953024
v 2.320755 2.872252 1.845460
v -0.046912 3.869271 1.796372
v -2.351601 3.869271 1.796372
v 2.458757 0.687495 1.953024
v -2.414579 2.872252 1.845459
v 2.233280 4.234141 1.777277
v 1.236967 4.234141 1.777277
v -1.330791 4.234141 1.777277
v -2.327103 4.234141 1.777277
v -1.828947 4.234141 1.777277
v -2.005164 0.687495 1.953024
v 1.735124 4.234141 1.777277
v 1.911341 0.687495 1.953024
v -2.351601 3.869271 -1.796372
v 2.458757 0.687495 -1.953024
v -2.414579 2.872252 -1.845460
v -2.552581 0.687495 -1.953024
v 2.257778 3.869271 -1.796372
v 1.250762 3.869271 -1.796372
v -1.344585 3.869271 -1.796372
v -1.457748 0.687495 -1.953024
v 1.363924 0.687495 -1.953024
v 2.320755 2.872252 -1.845459
v -0.046912 3.869271 -1.796372
v -2.327103 4.234141 -1.777277
v 2.233280 4.234141 -1.777277
v 1.236968 4.234141 -1.777277
v -1.330791 4.234141 -1.777277
v -1.828947 4.234141 -1.777277
v -2.005164 0.687495 -1.953024
v 1.735124 4.234141 -1.777277
v 1.911341 0.687495 -1.953024
v 0.678017 0.681898 -2.520021
v 0.188354 2.589215 -2.398718
v -0.642461 0.681898 -2.520020
v -0.147893 2.589215 -2.398718
v -0.095003 2.680911 -2.392886
v 0.135463 2.680911 -2.392886
v -0.021948 2.754035 -2.388236
v 0.062409 2.754035 -2.388236
v -0.359814 2.112386 -2.429044
v -0.512882 1.635556 -2.459369
v -0.616906 1.158727 -2.489694
v 0.637750 1.158727 -2.489695
v 0.543534 1.635556 -2.459370
v 0.405179 2.112386 -2.429044
v 0.650930 0.728641 -2.517048
v -0.617018 0.728641 -2.517047
v 0.386834 2.084181 -2.430838
v 0.172598 2.555314 -2.400874
v -0.594633 1.146336 -2.490482
v -0.132038 2.555487 -2.400863
v -0.082448 2.641461 -2.395396
v -0.016679 2.707293 -2.391209
v 0.057140 2.707293 -2.391209
v 0.122908 2.641461 -2.395396
v -0.341753 2.083621 -2.430873
v -0.492822 1.613021 -2.460802
v 0.615700 1.145820 -2.490516
v 0.523052 1.614714 -2.460695
v 0.650930 0.709963 -2.223367
v -0.617018 0.709963 -2.223366
v 0.386834 2.065503 -2.137157
v 0.172598 2.536637 -2.107193
v -0.594633 1.127658 -2.196801
v -0.132037 2.536809 -2.107182
v -0.082447 2.622784 -2.101714
v -0.016679 2.688615 -2.097528
v 0.057140 2.688615 -2.097528
v 0.122909 2.622784 -2.101714
v -0.341753 2.064943 -2.137192
v -0.492822 1.594343 -2.167121
v 0.615700 1.127142 -2.196835
v 0.523052 1.596037 -2.167014
v 0.650930 0.731051 -2.554954
v -0.617018 0.731051 -2.554953
v 0.386833 2.086591 -2.468744
v 0.172598 2.557725 -2.438780
v -0.594633 1.148747 -2.528388
v -0.132038 2.557898 -2.438769
v -0.082448 2.643872 -2.433301
v -0.016679 2.709704 -2.429114
v 0.057140 2.709704 -2.429114
v 0.122908 2.643872 -2.433301
v -0.341753 2.086032 -2.468778
v -0.492822 1.615431 -2.498708
v 0.615700 1.148231 -2.528422
v 0.523052 1.617125 -2.498601
v 0.678017 0.684309 -2.557927
v -0.642461 0.684309 -2.557925
v 0.405179 2.114796 -2.466949
v 0.188353 2.591625 -2.436624
v -0.616907 1.161138 -2.527600
v -0.147893 2.591625 -2.436624
v -0.095003 2.683321 -2.430792
v -0.021948 2.756446 -2.426141
v 0.062409 2.756446 -2.426142
v 0.135463 2.683321 -2.430792
v -0.359814 2.114796 -2.466949
v -0.512882 1.637967 -2.497274
v 0.637750 1.161138 -2.527601
v 0.543534 1.637967 -2.497275
v -0.072425 1.308395 -2.185307
v -0.108809 1.110172 -2.197914
v -0.009479 1.544737 -2.170276
v 0.164698 0.911949 -2.210521
v 0.007887 1.575136 -2.168343
v -0.022051 1.506618 -2.172701
v 0.174270 0.713727 -2.223127
v 0.142303 1.110172 -2.197914
v 0.109416 1.308395 -2.185307
v 0.027938 1.575136 -2.168343
v -0.139610 0.713727 -2.223127
v 0.045304 1.544737 -2.170276
v 0.057876 1.506618 -2.172701
v -0.133536 0.911949 -2.210520
v -0.329479 1.506618 -2.172700
v -0.277940 1.308395 -2.185307
v -0.496165 1.110172 -2.197913
v -0.409406 1.506618 -2.172700
v -0.245053 1.110172 -2.197914
v -0.379469 1.575136 -2.168343
v -0.520891 0.911949 -2.210520
v -0.396834 1.544737 -2.170276
v -0.359417 1.575136 -2.168343
v -0.213086 0.713727 -2.223127
v -0.222657 0.911949 -2.210520
v -0.342052 1.544737 -2.170276
v -0.526966 0.713727 -2.223127
v -0.459780 1.308395 -2.185307
v 0.445231 1.506618 -2.172701
v 0.496771 1.308395 -2.185308
v 0.278546 1.110172 -2.197914
v 0.365305 1.506618 -2.172701
v 0.529658 1.110172 -2.197914
v 0.395242 1.575136 -2.168343
v 0.253819 0.911949 -2.210521
v 0.377877 1.544737 -2.170277
v 0.415294 1.575136 -2.168343
v 0.561625 0.713727 -2.223128
v 0.552054 0.911949 -2.210521
v 0.432659 1.544737 -2.170277
v 0.247745 0.713727 -2.223127
v 0.314931 1.308395 -2.185308
v 2.470364 0.667310 0.520262
v 2.339424 2.573989 0.030598
v 2.470364 0.667310 -0.800216
v 2.339424 2.573989 -0.305648
v 2.333129 2.665654 -0.252758
v 2.333129 2.665654 -0.022292
v 2.328109 2.738754 -0.179703
v 2.328109 2.738754 -0.095347
v 2.372159 2.097319 -0.517569
v 2.404894 1.620650 -0.670637
v 2.437629 1.143980 -0.774662
v 2.437629 1.143980 0.479995
v 2.404894 1.620650 0.385779
v 2.372159 2.097319 0.247424
v 2.467155 0.714037 0.493175
v 2.467155 0.714037 -0.774773
v 2.374095 2.069124 0.229078
v 2.341751 2.540100 0.014843
v 2.438480 1.131593 -0.752388
v 2.341740 2.540273 -0.289793
v 2.335837 2.626218 -0.240203
v 2.331318 2.692028 -0.174434
v 2.331318 2.692028 -0.100616
v 2.335837 2.626218 -0.034847
v 2.374134 2.068564 -0.499508
v 2.406441 1.598121 -0.650577
v 2.438515 1.131077 0.457945
v 2.406325 1.599815 0.365297
v 2.173572 0.693875 0.493175
v 2.173572 0.693875 -0.774773
v 2.080512 2.048962 0.229078
v 2.048168 2.519938 0.014843
v 2.144897 1.111431 -0.752388
v 2.048156 2.520111 -0.289793
v 2.042254 2.606057 -0.240203
v 2.037735 2.671866 -0.174434
v 2.037735 2.671866 -0.100616
v 2.042254 2.606057 -0.034847
v 2.080551 2.048403 -0.499508
v 2.112858 1.577960 -0.650577
v 2.144932 1.110915 0.457945
v 2.112742 1.579653 0.365297
v 2.505048 0.716639 0.493175
v 2.505048 0.716639 -0.774773
v 2.411988 2.071726 0.229078
v 2.379644 2.542702 0.014843
v 2.476373 1.134195 -0.752388
v 2.379632 2.542875 -0.289793
v 2.373730 2.628821 -0.240203
v 2.369211 2.694630 -0.174434
v 2.369211 2.694630 -0.100616
v 2.373730 2.628821 -0.034847
v 2.412027 2.071167 -0.499508
v 2.444334 1.600723 -0.650577
v 2.476408 1.133679 0.457945
v 2.444218 1.602417 0.365297
v 2.508257 0.669913 0.520262
v 2.508257 0.669913 -0.800216
v 2.410052 2.099921 0.247424
v 2.377317 2.576591 0.030598
v 2.475522 1.146582 -0.774662
v 2.377317 2.576591 -0.305648
v 2.371022 2.668256 -0.252758
v 2.366002 2.741357 -0.179703
v 2.366002 2.741357 -0.095347
v 2.371022 2.668256 -0.022292
v 2.410052 2.099921 -0.517569
v 2.442787 1.623252 -0.670637
v 2.475522 1.146582 0.479995
v 2.442787 1.623252 0.385779
v 2.132489 1.292107 -0.230180
v 2.146097 1.093951 -0.266565
v 2.116264 1.528370 -0.167234
v 2.159705 0.895794 0.006943
v 2.114177 1.558759 -0.149869
v 2.118881 1.490264 -0.179806
v 2.173314 0.697637 0.016514
v 2.146097 1.093951 -0.015453
v 2.132489 1.292107 -0.048340
v 2.114177 1.558759 -0.129817
v 2.173314 0.697637 -0.297366
v 2.116264 1.528370 -0.112452
v 2.118881 1.490264 -0.099880
v 2.159705 0.895794 -0.291291
v 2.118881 1.490264 -0.487235
v 2.132489 1.292107 -0.435695
v 2.146097 1.093951 -0.653920
v 2.118881 1.490264 -0.567161
v 2.146097 1.093951 -0.402808
v 2.114177 1.558759 -0.537224
v 2.159705 0.895794 -0.678647
v 2.116264 1.528370 -0.554589
v 2.114177 1.558759 -0.517172
v 2.173314 0.697637 -0.370841
v 2.159705 0.895794 -0.380413
v 2.116264 1.528370 -0.499807
v 2.173314 0.697637 -0.684721
v 2.132489 1.292107 -0.617535
v 2.118881 1.490264 0.287476
v 2.132489 1.292107 0.339016
v 2.146097 1.093951 0.120791
v 2.118881 1.490264 0.207550
v 2.146097 1.093951 0.371903
v 2.114177 1.558759 0.237487
v 2.159705 0.895794 0.096064
v 2.116264 1.528370 0.220122
v 2.114177 1.558759 0.257539
v 2.173314 0.697637 0.403870
v 2.159705 0.895794 0.394298
v 2.116264 1.528370 0.274904
v 2.173314 0.697637 0.089990
v 2.132489 1.292107 0.157175
v 0.376901 4.045466 1.894809
v 0.315790 4.013508 1.901960
v 0.414197 4.064970 1.882776
v 0.414197 4.453842 1.868445
v 0.373951 4.472044 1.879982
v 0.383763 4.301675 1.883285
v 0.315790 4.498350 1.884778
v 0.217383 4.064970 1.909829
v 0.217383 4.453842 1.896048
v 0.247816 4.301675 1.898443
v 0.066352 4.453842 1.910923
v -0.000000 4.030272 1.932469
v -0.032055 4.013508 1.929906
v 0.066352 4.064970 1.924704
v 0.035918 4.301675 1.919313
v -0.032055 4.498350 1.912724
v -0.000000 4.483852 1.916395
v -0.130462 4.453842 1.904609
v -0.130462 4.064970 1.918390
v -0.325840 4.301675 1.890758
v -0.295407 4.453842 1.888363
v -0.377061 4.022269 1.895615
v -0.393814 4.013508 1.890856
v -0.295407 4.064970 1.902144
v -0.492220 4.453842 1.844776
v -0.373832 4.489313 1.879382
v -0.492220 4.064970 1.859108
v -0.393814 4.498350 1.872988
v -0.100028 4.301675 1.912999
v -0.461787 4.301675 1.859617
v 0.315790 4.013508 -1.901960
v 0.376901 4.045466 -1.894808
v 0.414197 4.064970 -1.882776
v 0.414197 4.453842 -1.868444
v 0.383763 4.301675 -1.883284
v 0.315790 4.498350 -1.884778
v 0.373952 4.472044 -1.879982
v 0.217383 4.064970 -1.909828
v 0.217383 4.453842 -1.896047
v 0.247816 4.301675 -1.898443
v 0.066352 4.453842 -1.910923
v -0.032055 4.013508 -1.929905
v 0.066352 4.064970 -1.924703
v 0.000000 4.030272 -1.932468
v 0.035918 4.301675 -1.919313
v 0.000000 4.483852 -1.916394
v -0.032055 4.498350 -1.912723
v -0.130462 4.453842 -1.904608
v -0.130462 4.064970 -1.918389
v -0.325840 4.301675 -1.890756
v -0.295407 4.453842 -1.888362
v -0.393814 4.013508 -1.890854
v -0.295407 4.064970 -1.902142
v -0.377060 4.022269 -1.895613
v -0.492220 4.453842 -1.844774
v -0.492220 4.064970 -1.859106
v -0.373832 4.489313 -1.879380
v -0.393814 4.498350 -1.872985
v -0.100028 4.301675 -1.912998
v -0.461787 4.301675 -1.859614
v 1.895461 4.026698 -0.377030
v 1.898412 4.013508 -0.351808
v 1.871850 4.064970 -0.450215
v 1.857518 4.453842 -0.450215
v 1.879414 4.488386 -0.373838
v 1.872358 4.301675 -0.419781
v 1.881231 4.498350 -0.351808
v 1.892500 4.453842 -0.253401
v 1.906281 4.064970 -0.253401
v 1.894895 4.301675 -0.283834
v 1.907375 4.453842 -0.102370
v 1.921156 4.064970 -0.102370
v 1.915490 4.498350 -0.003963
v 1.915765 4.301675 -0.071936
v 1.932672 4.013508 -0.003963
v 1.908156 4.453842 0.094444
v 1.915944 4.496558 0.000001
v 1.932989 4.015581 0.000001
v 1.921937 4.064970 0.094444
v 1.916546 4.301675 0.064010
v 1.880641 4.498350 0.357796
v 1.879319 4.491102 0.373821
v 1.855702 4.453842 0.456203
v 1.891911 4.453842 0.259389
v 1.897823 4.013508 0.357796
v 1.870034 4.064970 0.456202
v 1.895569 4.023579 0.377053
v 1.894305 4.301675 0.289822
v 1.870542 4.301675 0.425769
v 1.905691 4.064970 0.259389
v -1.898412 4.013508 -0.351808
v -1.871849 4.064970 -0.450215
v -1.895460 4.026699 -0.377030
v -1.857517 4.453842 -0.450215
v -1.872357 4.301675 -0.419781
v -1.879413 4.488386 -0.373838
v -1.881230 4.498350 -0.351808
v -1.892499 4.453842 -0.253401
v -1.906280 4.064970 -0.253401
v -1.894894 4.301675 -0.283834
v -1.907375 4.453842 -0.102370
v -1.921155 4.064970 -0.102370
v -1.915490 4.498350 -0.003963
v -1.915764 4.301675 -0.071936
v -1.932671 4.013508 -0.003963
v -1.908155 4.453842 0.094444
v -1.915943 4.496558 0.000000
v -1.932988 4.015581 0.000000
v -1.897822 4.013508 0.357796
v -1.894305 4.301675 0.289822
v -1.880640 4.498350 0.357796
v -1.879319 4.491103 0.373820
v -1.855702 4.453842 0.456203
v -1.905691 4.064970 0.259389
v -1.891910 4.453842 0.259389
v -1.870033 4.064970 0.456202
v -1.895569 4.023579 0.377052
v -1.921936 4.064970 0.094444
v -1.870542 4.301675 0.425769
v -1.916545 4.301675 0.064010
v -2.805260 0.052233 2.805260
v -2.805260 0.684289 2.805260
v -2.805260 0.052233 -2.805260
v -2.805260 0.684289 -2.805260
v 2.805260 0.052233 2.805260
v 2.805260 0.684289 2.805260
v 2.805260 0.052233 -2.805260
v 2.805260 0.684289 -2.805260
v -2.805260 0.210247 2.805260
v -2.805260 0.368261 2.805260
v -2.805260 0.526275 2.805260
v -2.805260 0.526275 -2.805260
v -2.805260 0.368261 -2.805260
v -2.805260 0.210247 -2.805260
v 2.805260 0.526275 -2.805260
v 2.805260 0.368261 -2.805260
v 2.805260 0.210247 -2.805260
v 2.805260 0.526275 2.805260
v 2.805260 0.368261 2.805260
v 2.805260 0.210247 2.805260
v -3.844188 0.052233 -3.844188
v -3.844188 0.052233 3.844188
v -3.844188 0.210247 -3.844188
v 3.844188 0.052233 -3.844188
v 3.844188 0.210247 -3.844188
v 3.844188 0.052233 3.844188
v 3.844188 0.210247 3.844188
v -3.844188 0.210247 3.844188
v -3.522503 0.210247 3.522503
v -3.522503 0.368261 3.522503
v -3.522503 0.368261 -3.522503
v -3.522503 0.210247 -3.522503
v 3.522503 0.368261 -3.522503
v 3.522503 0.210247 -3.522503
v 3.522503 0.368261 3.522503
v 3.522503 0.210247 3.522503
v -3.117142 0.368261 3.117142
v -3.117142 0.526275 3.117142
v -3.117142 0.526275 -3.117142
v -3.117142 0.368261 -3.117142
v 3.117142 0.526275 -3.117142
v 3.117142 0.368261 -3.117142
v 3.117142 0.526275 3.117142
v 3.117142 0.368261 3.117142
vt 0.435167 0.958738
vt 0.414437 0.950729
vt 0.420642 0.939767
vt 0.437550 0.945886
vt 0.394276 0.910006
vt 0.416308 0.896747
vt 0.417010 0.898506
vt 0.395710 0.911592
vt 0.418898 0.901084
vt 0.398821 0.913444
vt 0.397586 0.912068
vt 0.418266 0.899413
vt 0.478197 0.905741
vt 0.478197 0.954557
vt 0.476326 0.953289
vt 0.476730 0.906747
vt 0.438770 0.892573
vt 0.438849 0.894370
vt 0.473363 0.951827
vt 0.473469 0.907821
vt 0.474721 0.906945
vt 0.474807 0.952930
vt 0.439552 0.897176
vt 0.439511 0.895488
vt 0.459913 0.895284
vt 0.459367 0.896961
vt 0.458881 0.899545
vt 0.459410 0.897983
vt 0.456904 0.964349
vt 0.433465 0.963467
vt 0.433876 0.961586
vt 0.456533 0.962424
vt 0.456304 0.959509
vt 0.456695 0.961303
vt 0.434824 0.960516
vt 0.411002 0.954638
vt 0.412044 0.952985
vt 0.413494 0.952306
vt 0.464072 0.945556
vt 0.463965 0.943001
vt 0.464039 0.935842
vt 0.464143 0.933185
vt 0.453406 0.947408
vt 0.396705 0.934832
vt 0.394482 0.930610
vt 0.405442 0.927627
vt 0.407467 0.929950
vt 0.465135 0.913507
vt 0.455454 0.910413
vt 0.393386 0.925808
vt 0.404439 0.925611
vt 0.439990 0.909422
vt 0.393757 0.921713
vt 0.404545 0.924055
vt 0.423035 0.912488
vt 0.395805 0.917205
vt 0.406265 0.922438
vt 0.408761 0.920413
vt 0.392571 0.931368
vt 0.395234 0.935959
vt 0.393308 0.936079
vt 0.390359 0.930997
vt 0.391130 0.925931
vt 0.388359 0.925481
vt 0.391438 0.921105
vt 0.388936 0.921003
vt 0.394062 0.916080
vt 0.391803 0.916007
vt 0.391583 0.937374
vt 0.388133 0.931955
vt 0.386151 0.925722
vt 0.386636 0.920380
vt 0.389807 0.914627
vt 0.464423 0.923658
vt 0.464505 0.921345
vt 0.464871 0.915730
vt 0.435644 0.966818
vt 0.411581 0.957516
vt 0.418784 0.944792
vt 0.438411 0.951900
vt 0.388188 0.910240
vt 0.413765 0.894856
vt 0.414579 0.896898
vt 0.389852 0.912081
vt 0.416770 0.899890
vt 0.393462 0.914231
vt 0.392029 0.912634
vt 0.416037 0.897952
vt 0.485596 0.905303
vt 0.485596 0.961969
vt 0.483424 0.960497
vt 0.483893 0.906471
vt 0.439836 0.890019
vt 0.439926 0.892105
vt 0.479985 0.958800
vt 0.480107 0.907717
vt 0.481561 0.906700
vt 0.481661 0.960080
vt 0.440742 0.895361
vt 0.440695 0.893402
vt 0.464374 0.893166
vt 0.463740 0.895112
vt 0.463175 0.898111
vt 0.463790 0.896299
vt 0.460877 0.973335
vt 0.433669 0.972308
vt 0.434146 0.970125
vt 0.460448 0.971099
vt 0.460181 0.967716
vt 0.460635 0.969798
vt 0.435247 0.968883
vt 0.407592 0.962054
vt 0.408803 0.960135
vt 0.410486 0.959347
vt 0.469200 0.951521
vt 0.469075 0.948554
vt 0.469161 0.940243
vt 0.469282 0.937159
vt 0.456817 0.953669
vt 0.391001 0.939058
vt 0.388422 0.934156
vt 0.401143 0.930696
vt 0.403493 0.933393
vt 0.470433 0.914316
vt 0.459195 0.910724
vt 0.387151 0.928582
vt 0.399980 0.928356
vt 0.441248 0.909578
vt 0.387583 0.923829
vt 0.400104 0.926550
vt 0.421566 0.913127
vt 0.389961 0.918596
vt 0.402100 0.924673
vt 0.404998 0.922324
vt 0.386203 0.935036
vt 0.389293 0.940366
vt 0.387057 0.940505
vt 0.383635 0.934605
vt 0.384532 0.928724
vt 0.381316 0.928201
vt 0.384891 0.923122
vt 0.381986 0.923003
vt 0.387938 0.917290
vt 0.385315 0.917205
vt 0.385054 0.942007
vt 0.381051 0.935716
vt 0.378752 0.928480
vt 0.379317 0.922279
vt 0.382999 0.915602
vt 0.469607 0.926099
vt 0.469702 0.923415
vt 0.470128 0.916896
vt 2.189936 -1.853123
vt 3.536486 -1.924462
vt 3.536486 -1.185710
vt 2.189935 -1.094183
vt 5.527701 0.495688
vt 4.189683 0.567219
vt 4.189683 -0.164544
vt 5.527701 -0.256071
vt 0.470772 0.502868
vt -0.872374 0.574208
vt -0.872374 -0.164544
vt 0.470773 -0.256071
vt 6.137079 -7.224422
vt 4.803351 -7.152890
vt 4.803351 -7.884653
vt 6.137078 -7.976180
vt -1.898991 -7.381167
vt -1.898990 -8.176743
vt -1.117142 -8.176743
vt -1.117143 -7.381167
vt -3.141142 4.761259
vt -2.422006 4.761259
vt -2.449020 5.465196
vt -3.141142 5.493021
vt 4.803351 -6.421128
vt 4.315408 -6.401080
vt 4.315408 -7.125064
vt -7.504801 2.875313
vt -7.504801 4.761259
vt -8.223937 4.761259
vt -8.223937 2.875313
vt -1.898990 -1.689197
vt -1.898991 -2.484773
vt -1.117142 -2.484773
vt -1.117142 -1.689197
vt -2.680839 -4.535182
vt -2.680838 -6.585590
vt -1.898991 -6.585590
vt -1.117142 -6.585590
vt -1.117142 -5.538794
vt -1.400384 -5.538794
vt -1.400383 -4.535182
vt 6.137079 -1.845941
vt 4.803351 -1.917472
vt 4.803351 -2.649236
vt 6.137079 -2.597701
vt 6.137079 -4.535182
vt 4.803351 -4.535182
vt 6.137079 -6.472662
vt 5.527701 5.874167
vt 4.189683 5.802636
vt 4.189683 5.070873
vt 5.527701 5.122408
vt 5.527701 3.184927
vt 4.189683 3.184927
vt 4.189683 1.298982
vt 5.527701 1.247447
vt 8.459682 6.030912
vt 8.459682 5.235336
vt 9.059662 -1.689197
vt 9.059662 -2.484773
vt 9.059662 -7.381167
vt 9.059662 -8.176744
vt 3.413996 0.346542
vt 3.413996 -0.456633
vt 8.459681 0.338943
vt 8.459681 -0.456633
vt -0.760746 -1.696796
vt -0.760746 -0.893622
vt 6.443231 -4.535182
vt 6.412047 -4.501404
vt 6.412047 -4.394123
vt 6.500290 -4.298539
vt 6.615764 -4.226324
vt 7.247279 -3.914968
vt 7.876560 -3.716998
vt 8.505073 -3.582350
vt 9.059662 -3.531571
vt 5.834836 3.184927
vt 5.892079 3.246735
vt 6.007691 3.318805
vt 6.642222 3.623590
vt 7.275052 3.843143
vt 7.902617 3.991108
vt 8.459682 4.023374
vt -2.680839 -2.484773
vt -1.400383 -3.696736
vt -1.117142 -3.696736
vt -7.504801 0.989367
vt -8.223937 0.989367
vt -2.422006 0.989366
vt -2.422006 2.875313
vt -3.141142 2.875313
vt -3.141142 0.989367
vt -6.785665 2.875313
vt -6.785665 0.989367
vt -8.206876 -2.484773
vt -8.206876 -3.696736
vt -7.939773 -3.696736
vt -7.939773 -4.535182
vt -6.643180 -4.535182
vt -6.643180 -2.484773
vt -7.425028 -2.484773
vt -0.760746 -7.373569
vt 2.189935 -7.217241
vt 2.189936 -6.458302
vt -0.760746 -6.570394
vt 2.189935 -2.612061
vt -0.760746 -2.499971
vt -0.760746 -3.405008
vt -0.200128 -3.437274
vt 0.431438 -3.585238
vt 1.068304 -3.804791
vt 1.706883 -4.109577
vt 1.823233 -4.181647
vt 1.912323 -4.277230
vt 1.912323 -4.384513
vt 1.823233 -4.480097
vt 1.706650 -4.552312
vt 1.069061 -4.863667
vt 0.433731 -5.061637
vt -0.200826 -5.196285
vt -0.760746 -5.247065
vt 3.413996 6.023313
vt 0.470772 5.866987
vt 0.470772 5.108047
vt 3.413996 5.220139
vt 0.470772 1.261807
vt 3.413996 1.149717
vt 3.413996 2.473046
vt 2.855491 2.523824
vt 2.222538 2.658472
vt 1.588813 2.856443
vt 0.952837 3.167797
vt 0.836548 3.240014
vt 0.747683 3.335596
vt 0.747683 3.442879
vt 0.836548 3.538463
vt 0.952604 3.610534
vt 1.589569 3.915319
vt 2.224824 4.134871
vt 2.854794 4.282836
vt 3.413995 4.315102
vt -6.643179 -6.585590
vt -7.425027 -1.689197
vt -6.643180 -1.689197
vt -2.680839 -1.689197
vt -6.785665 4.761259
vt 4.803351 -1.185709
vt 4.315409 -1.221313
vt 4.315409 -1.945298
vt -3.141142 0.257604
vt -6.785665 0.257604
vt -0.872375 5.795648
vt -0.872375 6.534399
vt -1.363901 6.498796
vt -1.363901 5.767896
vt -3.141142 6.224784
vt -6.785665 6.224784
vt -6.785665 5.493021
vt -7.425028 -7.381167
vt -7.425027 -8.176743
vt -6.643180 -8.176744
vt -6.643179 -7.381167
vt -5.762174 -8.176744
vt -5.762175 -7.874482
vt -3.969030 -7.874482
vt -3.969030 -8.176744
vt -2.680839 -8.176744
vt -2.680838 -7.381167
vt -0.872375 5.056895
vt -0.872374 1.312961
vt 3.536486 -7.145901
vt 3.536486 -6.407149
vt 3.536486 -2.663215
vt -0.760191 7.819737
vt -0.055430 7.819737
vt -0.055430 8.550635
vt -0.760191 8.550635
vt -4.208597 7.200506
vt -3.503837 7.200506
vt -3.503837 7.931406
vt -4.208597 7.931406
vt 4.169325 7.777912
vt 4.169494 7.066910
vt 4.661237 7.066910
vt 4.661237 7.797809
vt -5.702690 7.200506
vt -4.997930 7.200506
vt -4.997930 7.931406
vt -5.702690 7.931406
vt 3.700119 1.319029
vt 3.700119 0.595045
vt 4.139812 7.095596
vt 4.139812 7.827360
vt 3.647950 7.791756
vt 3.647950 7.067770
vt 2.053828 7.095728
vt 2.053829 7.834481
vt 1.563771 7.798878
vt 1.563771 7.067977
vt 7.297335 7.086749
vt 7.789752 7.066702
vt 7.789752 7.790688
vt 7.299295 7.790688
vt 4.690921 7.797809
vt 4.690753 7.086808
vt 5.182663 7.066910
vt 5.182663 7.797809
vt 3.536486 -7.884653
vt 4.029378 -7.849050
vt 4.029378 -7.118150
vt 4.189683 6.534400
vt 3.700119 6.498796
vt 3.700119 5.774810
vt 0.493475 7.095728
vt 0.493475 7.834481
vt 0.001611 7.798878
vt 0.001611 7.067977
vt -7.477787 0.285430
vt -1.363901 1.332860
vt -1.363901 0.601960
vt 2.604938 7.799534
vt 2.604938 7.067770
vt 3.097055 7.103374
vt 3.097056 7.827360
vt 4.029378 -2.683114
vt 4.029378 -1.952214
vt 8.459682 2.161484
vt 7.902615 2.193749
vt 7.275050 2.341715
vt 6.642221 2.561267
vt 6.007690 2.866052
vt 5.892077 2.938123
vt 5.803552 3.033706
vt 5.803553 3.070094
vt 5.803552 3.140989
vt 5.803553 3.151151
vt 8.459682 1.134519
vt 9.059662 -5.373628
vt 8.504381 -5.341362
vt 7.878830 -5.193398
vt 7.248029 -4.973844
vt 6.615531 -4.669059
vt 6.500290 -4.596988
vt 9.059662 -6.585590
vt 8.459682 2.181317
vt 7.903310 2.232096
vt 7.272775 2.366744
vt 6.641470 2.564714
vt 6.007922 2.876069
vt 5.892079 2.948284
vt 5.803553 3.043869
vt -7.939773 -5.538794
vt -8.206876 -5.538794
vt -8.206876 -5.558627
vt -8.206876 -6.585590
vt -7.425028 -6.585590
vt -7.477787 5.465196
vt 3.618438 7.067770
vt 3.618438 7.799534
vt 3.126576 7.827360
vt 3.126576 7.103374
vt 3.700119 5.050826
vt 5.212153 7.066910
vt 5.703232 7.066910
vt 5.703232 7.797809
vt 5.213571 7.777910
vt -1.464952 7.819737
vt -1.464951 8.550635
vt -6.643180 -0.893621
vt -2.680839 -0.893621
vt -3.969030 -0.893621
vt -3.969030 -1.198815
vt -5.762175 -1.198815
vt -5.762175 -0.893621
vt -7.425028 -0.893621
vt 8.459682 6.826489
vt 5.527701 6.625925
vt -1.898991 -0.893621
vt -1.117143 -0.893621
vt 4.315408 -7.849050
vt 2.575411 7.067770
vt 2.575411 7.799534
vt 2.083294 7.827360
vt 2.083294 7.103373
vt 6.776586 7.790687
vt 6.775310 7.086749
vt 7.267789 7.066702
vt 7.267789 7.790687
vt 3.700119 -0.128941
vt -3.419265 7.200507
vt -2.714504 7.200507
vt -2.714504 7.931407
vt -3.419264 7.931407
vt -4.913358 7.200507
vt -4.913358 7.931406
vt -3.141142 -0.474158
vt -6.785665 -0.474158
vt 4.315409 -2.669282
vt 9.059662 -0.893620
vt 6.137079 -1.094182
vt -4.913358 6.469608
vt -4.208597 6.469606
vt 6.253281 7.770640
vt 6.254558 7.066702
vt 6.745760 7.066702
vt 6.745760 7.790688
vt -1.363901 -0.128941
vt 4.029378 -6.387251
vt 0.522988 7.834481
vt 0.522988 7.095728
vt 1.014852 7.067977
vt 1.014852 7.798878
vt -2.449020 0.285429
vt 6.743735 8.558110
vt 6.253279 8.558110
vt 6.253279 7.834127
vt 6.745695 7.854174
vt -0.760191 7.088837
vt -0.055430 7.088837
vt 2.189936 -7.976180
vt -0.760746 -8.176744
vt -8.206878 -7.381167
vt -3.419265 6.469608
vt -2.714504 6.469608
vt -8.206878 -0.893621
vt -8.206876 -1.689197
vt -6.407452 6.469606
vt -5.702690 6.469606
vt -6.407452 7.200506
vt 4.029378 -1.221314
vt 5.732696 7.797809
vt 5.734112 7.086808
vt 6.223775 7.066910
vt 6.223775 7.797809
vt -4.997930 6.469606
vt -2.009744 6.469606
vt -2.009744 7.200507
vt 0.470772 6.625926
vt -8.206876 -8.176743
vt -1.363901 5.036996
vt -1.702870 2.875313
vt -1.702870 4.761259
vt 3.413996 6.826489
vt -1.702870 0.989366
vt 1.534367 7.067977
vt 1.534367 7.806730
vt 1.044310 7.834481
vt 1.044310 7.103582
vt 0.438099 0.963527
vt 0.418489 0.955944
vt 0.424361 0.945575
vt 0.440358 0.951371
vt 0.399428 0.917423
vt 0.420269 0.904887
vt 0.420932 0.906551
vt 0.400784 0.918923
vt 0.422718 0.908989
vt 0.403726 0.920675
vt 0.402558 0.919374
vt 0.422120 0.907410
vt 0.478808 0.913399
vt 0.478808 0.959578
vt 0.477038 0.958378
vt 0.477419 0.914350
vt 0.441514 0.900943
vt 0.441588 0.902642
vt 0.474235 0.956994
vt 0.474335 0.915366
vt 0.475519 0.914537
vt 0.475600 0.958038
vt 0.442254 0.905296
vt 0.442215 0.903699
vt 0.461512 0.903508
vt 0.460995 0.905094
vt 0.460536 0.907537
vt 0.461036 0.906060
vt 0.458663 0.968839
vt 0.436489 0.968001
vt 0.436877 0.966222
vt 0.458312 0.967018
vt 0.458096 0.964260
vt 0.458465 0.965957
vt 0.437775 0.965209
vt 0.415238 0.959641
vt 0.416225 0.958078
vt 0.417597 0.957436
vt 0.465446 0.951061
vt 0.465345 0.948644
vt 0.465415 0.941871
vt 0.465513 0.939358
vt 0.455356 0.952812
vt 0.401721 0.940904
vt 0.399619 0.936910
vt 0.409986 0.934091
vt 0.411901 0.936288
vt 0.466451 0.920745
vt 0.457295 0.917818
vt 0.398584 0.932368
vt 0.409038 0.932184
vt 0.442667 0.916880
vt 0.398935 0.928495
vt 0.409139 0.930712
vt 0.426629 0.919777
vt 0.400873 0.924232
vt 0.410766 0.929183
vt 0.413127 0.927269
vt 0.397811 0.937626
vt 0.400329 0.941969
vt 0.398506 0.942082
vt 0.395719 0.937275
vt 0.396449 0.932483
vt 0.393829 0.932057
vt 0.396742 0.927919
vt 0.394376 0.927822
vt 0.399225 0.923167
vt 0.397088 0.923098
vt 0.396875 0.943306
vt 0.393614 0.938180
vt 0.391741 0.932285
vt 0.392201 0.927232
vt 0.395201 0.921792
vt 0.465778 0.930346
vt 0.465856 0.928159
vt 0.466202 0.922848
vt 0.438793 0.972798
vt 0.414734 0.963551
vt 0.421915 0.950834
vt 0.441534 0.957874
vt 0.391276 0.916283
vt 0.416865 0.900846
vt 0.417682 0.902889
vt 0.392945 0.918124
vt 0.419878 0.905882
vt 0.396563 0.920271
vt 0.395127 0.918675
vt 0.419143 0.903942
vt 0.488707 0.911276
vt 0.488707 0.967914
vt 0.486536 0.966444
vt 0.487004 0.912443
vt 0.442952 0.895989
vt 0.443044 0.898075
vt 0.483098 0.964749
vt 0.483220 0.913689
vt 0.484673 0.912673
vt 0.484773 0.966028
vt 0.443861 0.901332
vt 0.443813 0.899373
vt 0.467492 0.899139
vt 0.466858 0.901085
vt 0.466293 0.904083
vt 0.466908 0.902271
vt 0.464013 0.979281
vt 0.436828 0.978285
vt 0.437301 0.976104
vt 0.463582 0.977048
vt 0.463313 0.973668
vt 0.463769 0.975748
vt 0.438400 0.974861
vt 0.410753 0.968093
vt 0.411961 0.966174
vt 0.413642 0.965383
vt 0.472317 0.957480
vt 0.472192 0.954515
vt 0.472278 0.946206
vt 0.472398 0.943122
vt 0.459938 0.959632
vt 0.394121 0.945121
vt 0.391533 0.940224
vt 0.404251 0.936724
vt 0.406602 0.939424
vt 0.473548 0.920286
vt 0.462313 0.916696
vt 0.390255 0.934656
vt 0.402947 0.934483
vt 0.444373 0.915547
vt 0.390691 0.929897
vt 0.403366 0.932760
vt 0.424690 0.919119
vt 0.393065 0.924649
vt 0.405227 0.930697
vt 0.408126 0.928346
vt 0.389316 0.941108
vt 0.392416 0.946433
vt 0.390179 0.946575
vt 0.386748 0.940681
vt 0.387635 0.934799
vt 0.384418 0.934279
vt 0.387994 0.929190
vt 0.385084 0.929075
vt 0.391038 0.923344
vt 0.388411 0.923262
vt 0.388179 0.948081
vt 0.384165 0.941796
vt 0.381853 0.934561
vt 0.382410 0.928353
vt 0.386088 0.921661
vt 0.472722 0.932066
vt 0.472817 0.929382
vt 0.473242 0.922865
vt -1.466816 4.461127
vt -1.437188 4.476686
vt -1.447980 4.503633
vt -1.480246 4.493899
vt -1.579623 4.401154
vt -1.544611 4.419767
vt -1.544305 4.430111
vt -1.517244 4.439323
vt -1.502176 4.450959
vt -1.496069 4.445575
vt -1.513269 4.483916
vt -1.507739 4.478756
vt -1.508617 4.466726
vt -1.527072 4.463423
vt -1.552167 4.449422
vt -1.563160 4.459981
vt -1.562669 4.468983
vt -1.602315 4.456999
vt -1.325202 4.535655
vt -1.305571 4.545821
vt -1.326807 4.539680
vt -1.345049 4.525313
vt -1.348284 4.533408
vt -1.365598 4.514533
vt -1.370527 4.526842
vt -1.387365 4.503049
vt -1.394089 4.519823
vt -1.410968 4.490553
vt -1.419629 4.512163
vt -1.423949 4.535014
vt -1.453415 4.532125
vt -1.487053 4.528773
vt -1.561427 4.474860
vt -1.533212 4.479047
vt -1.516306 4.488035
vt -1.613911 4.516173
vt -1.327597 4.543940
vt -1.349880 4.541976
vt -1.372966 4.539871
vt -1.397427 4.537570
vt -1.327540 4.548272
vt -1.349774 4.550690
vt -1.372823 4.553122
vt -1.397257 4.555622
vt -1.423766 4.558262
vt -1.453248 4.561134
vt -1.486951 4.564359
vt -1.613910 4.576532
vt -1.419081 4.581034
vt -1.447463 4.589574
vt -1.479935 4.599280
vt -1.602247 4.635834
vt -1.326640 4.552510
vt -1.347975 4.559216
vt -1.370105 4.566089
vt -1.393585 4.573294
vt -1.344548 4.567229
vt -1.364916 4.578281
vt -1.386549 4.589917
vt -1.410063 4.602468
vt -1.436263 4.616364
vt -1.466261 4.632205
vt -1.579295 4.691838
vt -1.324930 4.556492
vt -1.420062 4.640487
vt -1.446434 4.661872
vt -1.545871 4.742409
vt -1.322477 4.560063
vt -1.339626 4.574420
vt -1.357453 4.589230
vt -1.376411 4.604858
vt -1.397046 4.621750
vt -1.347998 4.598518
vt -1.363557 4.617545
vt -1.380519 4.638141
vt -1.399465 4.661013
vt -1.421196 4.687141
vt -1.442108 4.712249
vt -1.451278 4.708956
vt -1.460709 4.725582
vt -1.482430 4.744347
vt -1.478024 4.755373
vt -1.503198 4.785596
vt -1.319374 4.563088
vt -1.333396 4.580515
vt -1.476128 4.758581
vt -1.460938 4.761334
vt -1.447207 4.736047
vt -1.433223 4.723267
vt -1.439233 4.712733
vt -1.391496 4.707040
vt -1.406671 4.734900
vt -1.406946 4.734453
vt -1.418997 4.732841
vt -1.425450 4.750719
vt -1.443486 4.773133
vt -1.435250 4.786228
vt -1.434673 4.786314
vt -1.452865 4.819716
vt -1.315741 4.565451
vt -1.326096 4.585279
vt -1.336913 4.605789
vt -1.348472 4.627491
vt -1.361107 4.651011
vt -1.375250 4.677153
vt -1.324619 4.610762
vt -1.331730 4.634312
vt -1.339546 4.659858
vt -1.348332 4.688278
vt -1.358456 4.720788
vt -1.419792 4.786091
vt -1.410649 4.758825
vt -1.399040 4.743704
vt -1.368128 4.751747
vt -1.369566 4.750191
vt -1.381735 4.750950
vt -1.384823 4.769667
vt -1.398564 4.795032
vt -1.387969 4.806268
vt -1.385120 4.806141
vt -1.396768 4.843427
vt -1.311717 4.567059
vt -1.318006 4.588531
vt -1.372449 4.803618
vt -1.368559 4.775105
vt -1.359736 4.758065
vt -1.323335 4.727843
vt -1.337033 4.855777
vt -1.307455 4.567851
vt -1.309436 4.590141
vt -1.311587 4.613242
vt -1.313971 4.637740
vt -1.316658 4.664337
vt -1.319738 4.693950
vt -1.295874 4.637638
vt -1.293319 4.664267
vt -1.290561 4.693937
vt -1.287474 4.727914
vt -1.275939 4.856246
vt -1.303120 4.567797
vt -1.300714 4.590049
vt -1.298315 4.613134
vt -1.298879 4.566897
vt -1.292175 4.588257
vt -1.285316 4.610437
vt -1.278135 4.634005
vt -1.270426 4.659639
vt -1.261922 4.688224
vt -1.252252 4.720980
vt -1.215831 4.844769
vt -1.261438 4.626975
vt -1.248863 4.650625
vt -1.234927 4.677019
vt -1.219026 4.707284
vt -1.159027 4.821737
vt -1.294894 4.565188
vt -1.284149 4.584831
vt -1.273088 4.605253
vt -1.291320 4.562733
vt -1.276945 4.579904
vt -1.262106 4.597776
vt -1.246429 4.616812
vt -1.229464 4.637561
vt -1.210622 4.660739
vt -1.189089 4.687336
vt -1.107733 4.787988
vt -1.212986 4.620945
vt -1.189956 4.640002
vt -1.163607 4.661892
vt -1.136649 4.684316
vt -1.138422 4.689217
vt -1.121347 4.698510
vt -1.101996 4.720116
vt -1.096322 4.717857
vt -1.063956 4.744777
vt -1.288293 4.559628
vt -1.270841 4.573663
vt -1.252793 4.588296
vt -1.233692 4.603906
vt -1.266073 4.566349
vt -1.245510 4.577176
vt -1.223722 4.588753
vt -1.200072 4.601416
vt -1.173739 4.615602
vt -1.143582 4.631923
vt -1.088439 4.713163
vt -1.085685 4.697817
vt -1.111605 4.684428
vt -1.124765 4.670613
vt -1.135403 4.676686
vt -1.113981 4.647951
vt -1.115086 4.656195
vt -1.096783 4.662395
vt -1.073778 4.680162
vt -1.064862 4.674546
vt -1.029432 4.693730
vt -1.285930 4.555991
vt -1.162615 4.588481
vt -1.129806 4.598583
vt -1.061298 4.671347
vt -1.061576 4.655656
vt -1.089402 4.646993
vt -1.104880 4.635637
vt -1.114120 4.643657
vt -1.098230 4.608292
vt -1.097602 4.618124
vt -1.078508 4.620841
vt -1.052586 4.634142
vt -1.043178 4.625219
vt -1.005557 4.636785
vt -1.284323 4.551962
vt -1.262825 4.558243
vt -1.240543 4.564844
vt -1.216909 4.571937
vt -1.191233 4.579728
vt -1.261223 4.549659
vt -1.238081 4.551777
vt -1.213519 4.554112
vt -1.186820 4.556724
vt -1.157036 4.559690
vt -1.122823 4.563161
vt -1.041663 4.623130
vt -1.044903 4.607169
vt -1.073884 4.603930
vt -1.091241 4.595469
vt -1.098820 4.605577
vt -0.993333 4.576134
vt -1.283534 4.547698
vt -1.157257 4.530366
vt -1.122899 4.527008
vt -0.993333 4.514141
vt -1.283592 4.543360
vt -1.261329 4.540927
vt -1.238222 4.538483
vt -1.213684 4.535969
vt -1.187012 4.533308
vt -1.240958 4.525472
vt -1.217392 4.518209
vt -1.191783 4.510388
vt -1.163356 4.501769
vt -1.130025 4.491402
vt -1.005662 4.453296
vt -1.284496 4.539118
vt -1.263139 4.532384
vt -1.144348 4.458050
vt -1.029892 4.396179
vt -1.286210 4.535135
vt -1.266582 4.524362
vt -1.246182 4.513248
vt -1.224493 4.501518
vt -1.200891 4.488833
vt -1.174541 4.474748
vt -1.253693 4.502283
vt -1.234718 4.486541
vt -1.214048 4.469481
vt -1.190961 4.450486
vt -1.164780 4.428266
vt -1.064910 4.345181
vt -1.288669 4.531563
vt -1.271524 4.517166
vt -1.190578 4.403100
vt -1.170026 4.377637
vt -1.159963 4.381065
vt -1.150632 4.364145
vt -1.128858 4.344883
vt -1.133917 4.332901
vt -1.109165 4.302235
vt -1.291778 4.528541
vt -1.277776 4.511076
vt -1.263198 4.493001
vt -1.247669 4.473858
vt -1.230741 4.453089
vt -1.211838 4.429953
vt -1.262844 4.463957
vt -1.250311 4.440291
vt -1.236314 4.413932
vt -1.220749 4.383497
vt -1.135421 4.330463
vt -1.150851 4.327986
vt -1.164397 4.353688
vt -1.178378 4.366798
vt -1.172146 4.377319
vt -1.205931 4.355167
vt -1.194231 4.356530
vt -1.188092 4.338358
vt -1.170362 4.315384
vt -1.178587 4.302887
vt -1.160822 4.268923
vt -1.295415 4.526184
vt -1.285093 4.506326
vt -1.274329 4.485757
vt -1.299442 4.524581
vt -1.293195 4.503096
vt -1.286656 4.480830
vt -1.279653 4.457214
vt -1.271990 4.431571
vt -1.263422 4.403016
vt -1.254118 4.370193
vt -1.178984 4.302458
vt -1.194605 4.303029
vt -1.203240 4.330660
vt -1.214595 4.346121
vt -1.206462 4.355192
vt -1.244860 4.338631
vt -1.242836 4.340740
vt -1.230626 4.339753
vt -1.227792 4.320926
vt -1.214331 4.295226
vt -1.225200 4.284182
vt -1.228958 4.284423
vt -1.217812 4.246430
vt -1.294939 4.427252
vt -1.292108 4.397598
vt -1.289381 4.363678
vt -1.240652 4.287023
vt -1.244150 4.315662
vt -1.252758 4.332908
vt -1.277905 4.235509
vt -1.303703 4.523796
vt -1.301769 4.501511
vt -1.299702 4.478405
vt -1.297446 4.453887
vt -1.308034 4.523857
vt -1.310482 4.501630
vt -1.312962 4.478575
vt -1.315534 4.454100
vt -1.318279 4.427489
vt -1.321284 4.397841
vt -1.325157 4.364184
vt -1.338795 4.236464
vt -1.341103 4.432280
vt -1.349915 4.403658
vt -1.359991 4.371674
vt -1.398208 4.249148
vt -1.312270 4.524762
vt -1.319002 4.503445
vt -1.325927 4.481328
vt -1.333219 4.457839
vt -1.327001 4.506886
vt -1.338097 4.486555
vt -1.349818 4.464961
vt -1.362513 4.441481
vt -1.376656 4.415326
vt -1.392846 4.385478
vt -1.454016 4.273017
vt -1.316247 4.526474
vt -1.400514 4.431890
vt -1.422578 4.405526
vt -1.504162 4.307256
vt -1.319813 4.528929
vt -1.334174 4.511817
vt -1.349008 4.494051
vt -1.364699 4.475175
vt -1.381702 4.454660
vt -1.340245 4.518050
vt -1.358243 4.503522
vt -1.377291 4.488078
vt -1.397965 4.471267
vt -1.421109 4.452413
vt -1.447550 4.431273
vt -1.472716 4.410767
vt -1.470189 4.409737
vt -1.466135 4.397871
vt -1.482510 4.388370
vt -1.501017 4.366446
vt -1.515728 4.372619
vt -1.516591 4.375015
vt -1.546574 4.350583
vt -1.322832 4.532032
vt -1.518650 4.387602
vt -1.493673 4.401525
vt -1.480996 4.415676
vt -1.492525 4.443327
vt -1.491133 4.431310
vt -1.508822 4.424836
vt -1.531124 4.406743
vt -1.543979 4.415092
vt 0.678958 0.422124
vt 0.691981 0.421856
vt 0.693202 0.470906
vt 0.699433 0.519004
vt 0.708253 0.570775
vt 0.721068 0.625904
vt 0.723922 0.636860
vt 0.727492 0.645722
vt 0.731161 0.645306
vt 0.733694 0.635422
vt 0.734960 0.623394
vt 0.737555 0.564814
vt 0.737145 0.510669
vt 0.732710 0.462141
vt 0.726977 0.419348
vt 0.739408 0.417290
vt 0.753147 0.509081
vt 0.752701 0.647410
vt 0.730268 0.796894
vt 0.688128 0.915604
vt 0.677676 0.934209
vt 0.668273 0.943803
vt 0.660625 0.943566
vt 0.651970 0.929344
vt 0.640984 0.908567
vt 0.595993 0.788139
vt 0.573553 0.642286
vt 0.571582 0.507595
vt 0.582427 0.422184
vt 0.593397 0.423491
vt 0.588749 0.464342
vt 0.584985 0.509219
vt 0.585415 0.561235
vt 0.589216 0.619389
vt 0.590761 0.631060
vt 0.593472 0.640801
vt 0.597063 0.641422
vt 0.600343 0.632923
vt 0.602855 0.622262
vt 0.613321 0.568802
vt 0.620145 0.519006
vt 0.623208 0.470796
vt 0.620982 0.424200
vt 0.632310 0.423895
vt 0.635844 0.470882
vt 0.640316 0.520411
vt 0.645857 0.572866
vt 0.654777 0.628573
vt 0.656934 0.639745
vt 0.660079 0.648938
vt 0.663693 0.648965
vt 0.666472 0.639860
vt 0.668326 0.628716
vt 0.674997 0.573281
vt 0.678636 0.521130
vt 0.679879 0.471654
vt 0.554635 0.418493
vt 0.564885 0.418340
vt 0.565722 0.456952
vt 0.570504 0.494835
vt 0.577314 0.535619
vt 0.587256 0.579057
vt 0.589472 0.587689
vt 0.592256 0.594691
vt 0.595146 0.594382
vt 0.597167 0.586613
vt 0.598196 0.577152
vt 0.600390 0.531062
vt 0.600207 0.488447
vt 0.596840 0.450232
vt 0.592436 0.416523
vt 0.602226 0.414960
vt 0.612805 0.487271
vt 0.612097 0.596140
vt 0.594048 0.713694
vt 0.560573 0.806918
vt 0.552298 0.821510
vt 0.544873 0.829014
vt 0.538856 0.828791
vt 0.532082 0.817559
vt 0.523491 0.801156
vt 0.488394 0.706176
vt 0.471131 0.591280
vt 0.469906 0.485284
vt 0.478657 0.418106
vt 0.487288 0.419184
vt 0.483527 0.451315
vt 0.480451 0.486621
vt 0.480660 0.527561
vt 0.483502 0.573340
vt 0.484715 0.582496
vt 0.486815 0.590200
vt 0.489639 0.590721
vt 0.492245 0.584071
vt 0.494233 0.575664
vt 0.502605 0.533641
vt 0.508101 0.494481
vt 0.510633 0.456551
vt 0.508999 0.419866
vt 0.517915 0.419676
vt 0.520578 0.456675
vt 0.523973 0.495677
vt 0.528202 0.536987
vt 0.535083 0.580875
vt 0.536751 0.589677
vt 0.539201 0.596924
vt 0.542045 0.596964
vt 0.544258 0.589816
vt 0.545745 0.581053
vt 0.551136 0.537445
vt 0.554131 0.496414
vt 0.555235 0.457481
vt 0.278078 0.125255
vt 0.296033 0.125002
vt 0.297470 0.192637
vt 0.305818 0.259004
vt 0.317718 0.330453
vt 0.335102 0.406554
vt 0.338977 0.421680
vt 0.343849 0.433945
vt 0.348912 0.433409
vt 0.352459 0.419804
vt 0.354268 0.403232
vt 0.358147 0.322502
vt 0.357856 0.247852
vt 0.351985 0.180907
vt 0.344296 0.121857
vt 0.361446 0.119131
vt 0.379926 0.245807
vt 0.378606 0.436518
vt 0.346873 0.642467
vt 0.288177 0.805725
vt 0.273671 0.831277
vt 0.260658 0.844415
vt 0.250117 0.844015
vt 0.238258 0.824329
vt 0.223222 0.795584
vt 0.161832 0.629140
vt 0.131648 0.427845
vt 0.129610 0.242128
vt 0.144992 0.124475
vt 0.160109 0.126375
vt 0.153495 0.182652
vt 0.148080 0.244488
vt 0.148411 0.316206
vt 0.153359 0.396420
vt 0.155431 0.412526
vt 0.159118 0.425980
vt 0.164067 0.426870
vt 0.168633 0.415180
vt 0.172148 0.400505
vt 0.186846 0.326890
vt 0.196504 0.258297
vt 0.200970 0.191860
vt 0.198136 0.127599
vt 0.213755 0.127280
vt 0.218391 0.192090
vt 0.224306 0.260416
vt 0.231678 0.332782
vt 0.243685 0.409668
vt 0.246643 0.425041
vt 0.250925 0.437784
vt 0.255912 0.437877
vt 0.259798 0.425402
vt 0.262373 0.410007
vt 0.271857 0.333618
vt 0.277135 0.261749
vt 0.279098 0.193550
vt 0.588570 0.368895
vt 0.602257 0.368970
vt 0.602781 0.420545
vt 0.608585 0.471259
vt 0.617058 0.525913
vt 0.629690 0.584213
vt 0.632506 0.595849
vt 0.636128 0.605232
vt 0.639989 0.604865
vt 0.642785 0.594504
vt 0.644335 0.581940
vt 0.647947 0.520436
vt 0.648342 0.463525
vt 0.644427 0.412414
vt 0.639062 0.367296
vt 0.652153 0.365476
vt 0.665177 0.462287
vt 0.662599 0.607620
vt 0.636982 0.764013
vt 0.590805 0.887748
vt 0.579516 0.907011
vt 0.569966 0.917909
vt 0.562219 0.915099
vt 0.552562 0.901035
vt 0.541334 0.878889
vt 0.495803 0.751140
vt 0.474425 0.597248
vt 0.474442 0.455738
vt 0.487154 0.366308
vt 0.498659 0.367982
vt 0.493143 0.410772
vt 0.488495 0.457813
vt 0.488140 0.512458
vt 0.491232 0.573621
vt 0.492673 0.585922
vt 0.495368 0.596226
vt 0.499131 0.596975
vt 0.502708 0.588145
vt 0.505513 0.577019
vt 0.517337 0.521185
vt 0.525280 0.469068
vt 0.529246 0.418503
vt 0.527629 0.369484
vt 0.539535 0.369474
vt 0.542521 0.418941
vt 0.546450 0.471106
vt 0.551454 0.526384
vt 0.559970 0.585205
vt 0.562107 0.596970
vt 0.565190 0.606776
vt 0.568992 0.606830
vt 0.572086 0.597393
vt 0.574180 0.585713
vt 0.582058 0.527635
vt 0.586697 0.472923
vt 0.588770 0.420966
vt 0.756481 -4.219248
vt 0.756481 -3.829813
vt 1.679812 -3.861991
vt 1.679812 -4.219248
vt 0.756481 4.039436
vt 0.756481 5.219248
vt 1.679812 5.219248
vt 1.679812 4.039436
vt -0.679812 4.039436
vt -0.679812 5.219248
vt -0.679812 -4.219248
vt -0.679812 -3.809137
vt -0.679812 2.859624
vt 0.756481 2.859624
vt 1.679812 2.859624
vt 0.756481 -4.219248
vt 0.756481 -3.912852
vt 1.679813 -3.922038
vt 1.679812 -4.219248
vt 0.756481 4.039436
vt 0.756481 5.219248
vt 1.679812 5.219248
vt 1.679812 4.039436
vt -0.679812 4.039436
vt -0.679812 5.219248
vt -0.679812 -4.219248
vt -0.679812 -3.869183
vt -0.679812 2.859624
vt 0.756481 2.859624
vt 1.679812 2.859624
vt 0.756481 -4.219248
vt 0.756481 -4.006252
vt 1.679812 -4.063169
vt 1.679812 -4.219248
vt 0.756481 4.039436
vt 0.756481 5.219248
vt 1.679812 5.219248
vt 1.679812 4.039436
vt -0.679812 4.039436
vt -0.679812 5.219248
vt -0.679812 -4.219248
vt -0.679812 -4.008203
vt -0.679812 2.859624
vt 0.756481 2.859624
vt 1.679812 2.859624
vt 0.756481 -0.679812
vt 0.756481 0.500000
vt 1.679812 0.500000
vt 1.679812 -0.679812
vt 0.756481 1.011305
vt 1.679812 0.979127
vt -1.859624 0.500000
vt -1.859624 1.076149
vt -0.679812 1.031981
vt -0.679812 0.500000
vt 2.859624 0.500000
vt 2.859625 1.010251
vt 2.907147 1.011991
vt 4.039436 0.982121
vt 4.039436 0.500000
vt -0.679812 -0.679812
vt -0.679812 -1.859624
vt 0.756481 -1.859624
vt -3.039436 0.500000
vt -3.039436 1.034976
vt -1.907146 1.077364
vt 1.679812 -1.859624
vt 0.756481 -0.679812
vt 0.756481 0.500000
vt 1.679812 0.500000
vt 1.679812 -0.679812
vt 0.756481 0.844825
vt 1.679812 0.787908
vt -1.859624 0.500000
vt -1.859624 0.944751
vt -1.557233 0.933430
vt -0.679812 0.842875
vt -0.679812 0.500000
vt 2.859624 0.500000
vt 2.859624 0.878853
vt 4.039436 0.922075
vt 4.039436 0.500000
vt -0.679812 -0.679812
vt -0.679812 -1.859624
vt 0.756481 -1.859624
vt 2.595500 0.871885
vt -3.039436 0.500000
vt -3.039436 0.974930
vt 1.679812 -1.859624
vt 0.756481 -0.679812
vt 0.756481 0.500000
vt 1.679812 0.500000
vt 1.679812 -0.679812
vt 0.756481 0.929000
vt 1.679812 0.919814
vt -1.859624 0.500000
vt -1.859624 0.942489
vt -0.679812 0.972668
vt -0.679812 0.500000
vt 2.859624 0.500000
vt 2.859624 0.876590
vt 3.051751 0.871522
vt 4.039436 0.780942
vt 4.039436 0.500000
vt -0.679812 -0.679812
vt -0.679812 -1.859624
vt 0.756481 -1.859624
vt -3.039436 0.500000
vt -3.039436 0.835909
vt -2.090503 0.933846
vt 1.679812 -1.859624
vt 0.756481 -4.219248
vt 0.756481 -3.916568
vt 1.679812 -3.948747
vt 1.679812 -4.219248
vt 0.756481 4.039436
vt 0.756481 5.219248
vt 1.679812 5.219248
vt 1.679812 4.039436
vt -0.679812 4.039436
vt -0.679812 5.219248
vt -0.679812 -4.219248
vt -0.679812 -3.895892
vt -0.679812 2.859624
vt 0.756481 2.859624
vt 1.679812 2.859624
vt 0.756481 -4.219248
vt 0.756481 -3.972393
vt 1.679812 -3.981578
vt 1.679812 -4.219248
vt 0.756481 4.039436
vt 0.756481 5.219248
vt 1.679812 5.219248
vt 1.679812 4.039436
vt -0.679812 4.039436
vt -0.679812 5.219248
vt -0.679812 -4.219248
vt -0.679812 -3.928726
vt -0.679812 2.859624
vt 0.756481 2.859624
vt 1.679812 2.859624
vt 0.756481 -4.219248
vt 0.756481 -4.121312
vt 1.679812 -4.178229
vt 1.679812 -4.219248
vt 0.756481 4.039436
vt 0.756481 5.219248
vt 1.679812 5.219248
vt 1.679812 4.039436
vt -0.679812 4.039436
vt -0.679812 5.219248
vt -0.679812 -4.219248
vt -0.679812 -4.123262
vt -0.679812 2.859624
vt 0.756481 2.859624
vt 1.679812 2.859624
vt 0.756481 -0.679812
vt 0.756481 0.500000
vt 1.679812 0.500000
vt 1.679812 -0.679812
vt 0.756481 0.883189
vt 1.679812 0.851011
vt -1.859624 0.500000
vt -1.859624 0.923815
vt -1.475316 0.933646
vt -0.679812 0.903864
vt -0.679812 0.500000
vt 2.859624 0.500000
vt 2.859624 0.857917
vt 4.039436 0.826793
vt 4.039436 0.500000
vt -0.679812 -0.679812
vt -0.679812 -1.859624
vt 0.756481 -1.859624
vt 2.475315 0.871996
vt -3.039436 0.500000
vt -3.039436 0.879648
vt 1.679812 -1.859624
vt 0.756481 -0.679812
vt 0.756481 0.500000
vt 1.679812 0.500000
vt 1.679812 -0.679812
vt 0.756481 0.745009
vt 1.679812 0.688091
vt -1.859624 0.500000
vt -1.859624 0.816635
vt -1.126958 0.789208
vt -0.679812 0.743059
vt -0.679812 0.500000
vt 2.859624 0.500000
vt 2.859624 0.750737
vt 4.039436 0.793958
vt 4.039436 0.500000
vt -0.679812 -0.679812
vt -0.679812 -1.859624
vt 0.756481 -1.859624
vt 2.162316 0.732342
vt -3.039436 0.500000
vt -3.039436 0.846814
vt 1.679812 -1.859624
vt 0.756481 -0.679812
vt 0.756481 0.500000
vt 1.679812 0.500000
vt 1.679812 -0.679812
vt 0.756481 0.773671
vt 1.679812 0.764485
vt -1.859624 0.500000
vt -1.859624 0.774047
vt -1.658781 0.792299
vt -0.679812 0.817339
vt -0.679812 0.500000
vt 2.859624 0.500000
vt 2.859624 0.705516
vt 4.039436 0.597315
vt 4.039436 0.500000
vt -0.679812 -0.679812
vt -0.679812 -1.859624
vt 0.756481 -1.859624
vt 2.620067 0.730039
vt -3.039436 0.500000
vt -3.039436 0.652283
vt 1.679812 -1.859624
vt 0.756481 -2.013856
vt 1.679812 -1.956940
vt 0.756481 -2.162769
vt 1.679812 -2.153583
vt -0.679812 -2.206437
vt 0.756481 -2.218596
vt 1.679812 -2.186417
vt -0.679812 -2.011907
vt -0.679812 -2.239272
vt 0.756481 2.642248
vt 1.679812 2.651433
vt -0.679812 2.512049
vt 0.756481 2.532725
vt -1.859624 2.492100
vt -1.859624 2.859624
vt -1.475313 2.482268
vt 0.756481 2.670905
vt 1.679812 2.727822
vt -3.039436 2.763638
vt -3.039436 2.859624
vt -1.859624 2.859624
vt -1.859624 2.641874
vt 1.679812 2.564902
vt 2.859624 2.859624
vt 2.859624 2.557997
vt 2.475313 2.543917
vt 2.859624 2.859624
vt 2.859624 2.665177
vt 2.162313 2.683573
vt -3.039436 2.536268
vt -3.039436 2.859624
vt 4.039436 2.859624
vt 4.039436 2.621955
vt 4.039436 2.859624
vt 4.039436 2.589122
vt -0.679812 2.672855
vt 2.859624 2.859624
vt 2.859624 2.710405
vt 2.620057 2.685880
vt 4.039436 2.859624
vt 4.039436 2.818605
vt -3.039436 2.569101
vt -3.039436 2.859624
vt -1.859624 2.859624
vt -1.859624 2.599279
vt -0.679812 2.598578
vt -1.126955 2.626708
vt -1.658770 2.623621
vt 0.756481 -2.197483
vt 1.679812 -2.140567
vt 0.756481 -2.290885
vt 1.679812 -2.281700
vt -0.679812 -2.334554
vt 0.756481 -2.373924
vt 1.679812 -2.341745
vt -0.679812 -2.195534
vt -0.679812 -2.394600
vt 0.756481 2.555488
vt 1.679812 2.564674
vt -0.679812 2.452507
vt 0.756481 2.473184
vt -1.859624 2.408340
vt -1.859624 2.859624
vt 0.756481 2.639664
vt 1.679812 2.696581
vt -3.039436 2.648578
vt -3.039436 2.859624
vt -1.859624 2.859624
vt -1.859624 2.541998
vt -2.090496 2.550642
vt 1.679812 2.505361
vt 2.859624 2.859624
vt 2.859624 2.474238
vt 2.859624 2.859624
vt 2.859624 2.605637
vt 2.595497 2.612604
vt -3.039436 2.449513
vt -3.039436 2.859624
vt -1.907140 2.407124
vt 4.039436 2.859624
vt 4.039436 2.562413
vt 4.039436 2.859624
vt 4.039436 2.502367
vt 2.907139 2.472497
vt -0.679812 2.641614
vt 2.859624 2.859624
vt 2.859624 2.607897
vt 4.039436 2.859624
vt 4.039436 2.703545
vt 3.051743 2.612965
vt -3.039436 2.509559
vt -3.039436 2.859624
vt -1.859624 2.859624
vt -1.859624 2.539738
vt -0.679812 2.511820
vt -1.557228 2.551059
vt 1.904709 0.680509
vt 1.875062 0.680509
vt 1.875062 -0.373172
vt 1.904709 -0.373172
vt 1.841857 0.680509
vt 1.812209 0.680509
vt 1.812209 -0.373172
vt 1.841856 -0.373172
vt 1.810431 0.680509
vt 1.780783 0.680509
vt 1.780783 -0.373172
vt 1.810430 -0.373172
vt 1.843635 -0.373172
vt 1.873282 -0.373172
vt 1.873283 0.680509
vt 1.843636 0.680509
vt -1.289206 -0.229570
vt -1.289206 -1.283251
vt -0.236541 -1.283251
vt -0.236541 -0.229571
vt 2.487024 -1.490073
vt 2.487024 -0.436393
vt 1.434359 -0.436392
vt 1.434359 -1.490073
vt -0.236541 1.300976
vt -0.236541 0.247295
vt -0.041614 0.052180
vt -0.041614 1.496091
vt 0.175888 1.108860
vt 1.228553 1.108859
vt 1.363125 1.243561
vt 0.041316 1.243561
vt 1.335150 2.430632
vt 2.387815 2.430632
vt 2.446331 2.489204
vt 1.276633 2.489205
vt -0.041614 -1.478366
vt -0.041614 -0.034455
vt 0.175888 0.055179
vt 0.041316 -0.079522
vt 2.387814 1.376951
vt 2.446331 1.318378
vt -1.289206 0.247296
vt -1.484133 0.052180
vt 1.228553 -1.347290
vt 0.175888 -1.347290
vt 0.041316 -1.481991
vt 1.363124 -1.481991
vt 1.147934 1.376951
vt 0.095269 1.376951
vt 0.036753 1.318379
vt 1.206451 1.318378
vt -1.484133 -1.478366
vt 1.228553 0.055179
vt 1.363124 -0.079523
vt 1.335149 1.376951
vt 1.276633 1.318379
vt 1.435095 -0.361465
vt 1.464742 -0.361465
vt 1.464742 1.082447
vt 1.435095 1.082447
vt 1.433316 1.082447
vt 1.403669 1.082447
vt 1.403668 -0.361465
vt 1.433316 -0.361465
vt 1.496168 1.082447
vt 1.466521 1.082447
vt 1.466521 -0.361465
vt 1.496168 -0.361465
vt 1.527595 1.082447
vt 1.497947 1.082447
vt 1.497947 -0.361465
vt 1.527594 -0.361465
vt -1.484133 -0.034455
vt -1.289206 1.300976
vt -1.484133 1.496091
vt 1.560800 -0.365090
vt 1.590447 -0.365090
vt 1.590447 0.957994
vt 1.560800 0.957994
vt 1.559021 0.957994
vt 1.529374 0.957994
vt 1.529373 -0.365089
vt 1.559021 -0.365090
vt 1.621873 0.957994
vt 1.592226 0.957994
vt 1.592226 -0.365089
vt 1.621873 -0.365090
vt 1.653299 0.957994
vt 1.623652 0.957994
vt 1.623652 -0.365090
vt 1.653299 -0.365090
vt 0.175888 -0.293609
vt 0.041316 -0.158908
vt 1.228553 -0.293609
vt 1.363125 -0.158908
vt 1.686505 -0.369657
vt 1.716152 -0.369657
vt 1.716152 0.801169
vt 1.686505 0.801169
vt 1.684726 0.801169
vt 1.655079 0.801169
vt 1.655078 -0.369657
vt 1.684725 -0.369657
vt 1.747578 0.801169
vt 1.717931 0.801169
vt 1.717931 -0.369657
vt 1.747578 -0.369657
vt 1.779004 0.801169
vt 1.749357 0.801169
vt 1.749357 -0.369657
vt 1.779004 -0.369657
vt 1.147935 2.430632
vt 1.206451 2.489204
vt 0.095270 2.430632
vt 0.036753 2.489205
vn -0.0197 -0.3045 -0.9523
vn 0.0267 0.4124 -0.9106
vn -0.0267 -0.4124 0.9106
vn -0.0647 -0.9979 0.0000
vn 0.0180 0.2776 -0.9605
vn 0.0647 0.9979 0.0000
vn -0.0180 -0.2776 0.9605
vn 0.0125 0.1931 -0.9811
vn -0.0125 -0.1931 0.9811
vn 0.0054 0.0838 -0.9965
vn -0.0054 -0.0838 0.9965
vn 0.0138 0.2123 0.9771
vn -0.0138 -0.2123 -0.9771
vn 0.0197 0.3045 0.9523
vn -0.9979 0.0648 0.0000
vn -0.0035 -0.0533 -0.9986
vn -0.0323 -0.4978 -0.8667
vn -0.0457 -0.7046 -0.7082
vn -0.0457 -0.7046 0.7082
vn -0.0323 -0.4978 0.8667
vn -0.0262 -0.4046 -0.9141
vn -0.9979 0.0647 0.0000
vn 0.0035 0.0533 0.9986
vn 0.0323 0.4978 0.8667
vn 0.0457 0.7046 0.7082
vn 0.0457 0.7046 -0.7082
vn 0.0323 0.4978 -0.8667
vn 0.0262 0.4046 0.9141
vn -0.9523 -0.3044 0.0203
vn -0.9106 0.4123 -0.0274
vn 0.9106 -0.4123 0.0274
vn 0.0000 -0.9978 0.0664
vn -0.9605 0.2775 -0.0185
vn 0.0000 0.9978 -0.0664
vn 0.9605 -0.2775 0.0185
vn -0.9811 0.1930 -0.0128
vn 0.9811 -0.1930 0.0128
vn -0.9965 0.0838 -0.0056
vn 0.9965 -0.0838 0.0056
vn 0.9771 0.2123 -0.0141
vn -0.9771 -0.2123 0.0141
vn 0.9523 0.3044 -0.0203
vn 0.0000 0.0663 0.9978
vn -0.9986 -0.0533 0.0035
vn -0.8667 -0.4978 0.0331
vn -0.7082 -0.7045 0.0469
vn 0.7082 -0.7045 0.0469
vn 0.8667 -0.4978 0.0331
vn -0.9141 -0.4046 0.0269
vn 0.0000 0.0664 0.9978
vn 0.9986 0.0533 -0.0035
vn 0.8667 0.4978 -0.0331
vn 0.7082 0.7045 -0.0469
vn -0.7082 0.7045 -0.0469
vn -0.8667 0.4978 -0.0331
vn 0.9141 0.4046 -0.0269
vn -0.9980 0.0630 0.0000
vn 0.0000 0.0630 -0.9980
vn 0.9980 0.0630 0.0000
vn 0.0000 0.0630 0.9980
vn 0.0000 -1.0000 0.0000
vn 0.0000 1.0000 -0.0000
vn 0.0000 0.0670 0.9978
vn 0.9978 0.0670 0.0000
vn 0.9995 -0.0266 0.0193
vn 0.0000 0.0670 -0.9978
vn 0.0000 -0.0375 0.9993
vn -0.9993 -0.0378 0.0000
vn 0.0194 -0.0265 0.9995
vn 0.9995 -0.0266 -0.0193
vn -0.9978 0.0670 0.0000
vn 0.9993 -0.0378 0.0000
vn 0.0000 -0.0375 -0.9993
vn -0.9995 -0.0266 -0.0193
vn -0.0194 -0.0265 -0.9995
vn 0.0194 -0.0265 -0.9995
vn -0.0194 -0.0265 0.9995
vn -0.9995 -0.0266 0.0193
vn 0.9523 -0.3045 -0.0194
vn 0.9106 0.4124 0.0262
vn -0.9106 -0.4124 -0.0262
vn 0.0000 -0.9980 -0.0635
vn 0.9605 0.2776 0.0177
vn -0.0000 0.9980 0.0635
vn -0.9605 -0.2776 -0.0177
vn 0.9811 0.1931 0.0123
vn -0.9811 -0.1931 -0.0123
vn 0.9965 0.0838 0.0053
vn -0.9965 -0.0838 -0.0053
vn -0.9771 0.2123 0.0135
vn 0.9771 -0.2123 -0.0135
vn -0.9523 0.3045 0.0194
vn -0.0000 0.0635 -0.9980
vn 0.9986 -0.0533 -0.0034
vn 0.8667 -0.4979 -0.0317
vn 0.7082 -0.7046 -0.0448
vn -0.7082 -0.7046 -0.0448
vn -0.8667 -0.4979 -0.0317
vn 0.9141 -0.4046 -0.0257
vn -0.9986 0.0533 0.0034
vn -0.8667 0.4979 0.0317
vn -0.7082 0.7046 0.0448
vn 0.7082 0.7046 0.0448
vn 0.8667 0.4979 0.0317
vn -0.9141 0.4046 0.0257
vn -0.0000 0.0634 -0.9980
vn 0.0209 -0.3044 0.9523
vn -0.0283 0.4123 0.9106
vn 0.0283 -0.4123 -0.9106
vn 0.0685 -0.9977 0.0000
vn -0.0191 0.2775 0.9605
vn -0.0685 0.9977 0.0000
vn 0.0191 -0.2775 -0.9605
vn -0.0133 0.1930 0.9811
vn 0.0133 -0.1930 -0.9811
vn -0.0058 0.0838 0.9965
vn 0.0058 -0.0838 -0.9965
vn -0.0146 0.2122 -0.9771
vn 0.0146 -0.2122 0.9771
vn -0.0209 0.3044 -0.9523
vn 0.9977 0.0684 0.0000
vn 0.0037 -0.0533 0.9986
vn 0.0342 -0.4977 0.8667
vn 0.0484 -0.7044 0.7082
vn 0.0484 -0.7044 -0.7082
vn 0.0342 -0.4977 -0.8667
vn 0.0278 -0.4045 0.9141
vn 0.9977 0.0685 0.0000
vn 0.9976 0.0685 -0.0000
vn -0.0037 0.0533 -0.9986
vn -0.0342 0.4977 -0.8667
vn -0.0484 0.7044 -0.7082
vn -0.0685 0.9976 0.0000
vn -0.0484 0.7044 0.7082
vn -0.0342 0.4977 0.8667
vn -0.0278 0.4045 -0.9141
vn 0.9976 0.0686 0.0000
vn -0.0000 0.1565 -0.9877
vn -0.0000 0.2776 -0.9607
vn 0.1874 0.2776 -0.9422
vn 0.1927 0.1565 -0.9687
vn -0.0000 0.0354 -0.9994
vn 0.0300 0.0354 -0.9989
vn 0.0980 0.0352 -0.9946
vn 0.0266 0.0354 -0.9990
vn 0.2207 0.0354 -0.9747
vn 0.2239 0.0354 -0.9740
vn 0.1950 0.0354 -0.9802
vn -0.0000 0.9776 -0.2103
vn 0.0410 0.9776 -0.2063
vn -0.0000 0.9149 -0.4037
vn 0.0788 0.9149 -0.3960
vn -0.0000 0.8160 -0.5780
vn 0.1128 0.8160 -0.5669
vn -0.0000 0.6871 -0.7266
vn 0.1418 0.6871 -0.7126
vn -0.0000 0.5346 -0.8451
vn 0.1649 0.5346 -0.8288
vn -0.0000 0.4538 -0.8911
vn 0.1738 0.4538 -0.8740
vn 0.3234 0.5346 -0.7808
vn 0.3410 0.4538 -0.8233
vn 0.3676 0.2776 -0.8876
vn 0.3780 0.1565 -0.9125
vn 0.2901 0.0352 -0.9563
vn 0.3824 0.0354 -0.9233
vn 0.0805 0.9776 -0.1943
vn 0.1545 0.9149 -0.3730
vn 0.2212 0.8160 -0.5340
vn 0.2781 0.6871 -0.6713
vn 0.1168 0.9776 -0.1749
vn 0.2243 0.9149 -0.3357
vn 0.3211 0.8160 -0.4806
vn 0.4037 0.6871 -0.6042
vn 0.4695 0.5346 -0.7027
vn 0.4951 0.4538 -0.7409
vn 0.5337 0.2776 -0.7988
vn 0.5487 0.1565 -0.8212
vn 0.5552 0.0354 -0.8309
vn 0.5976 0.5346 -0.5976
vn 0.6301 0.4538 -0.6301
vn 0.6793 0.2776 -0.6793
vn 0.6984 0.1565 -0.6984
vn 0.7067 0.0354 -0.7067
vn 0.1487 0.9776 -0.1487
vn 0.2855 0.9149 -0.2855
vn 0.4087 0.8160 -0.4087
vn 0.5138 0.6871 -0.5138
vn 0.3357 0.9149 -0.2243
vn 0.4806 0.8160 -0.3211
vn 0.6042 0.6871 -0.4037
vn 0.7027 0.5346 -0.4695
vn 0.7409 0.4538 -0.4951
vn 0.7988 0.2776 -0.5337
vn 0.8212 0.1565 -0.5487
vn 0.8309 0.0354 -0.5552
vn 0.1749 0.9776 -0.1168
vn 0.8876 0.2776 -0.3676
vn 0.9125 0.1565 -0.3780
vn 0.9233 0.0354 -0.3824
vn 0.1943 0.9776 -0.0805
vn 0.3730 0.9149 -0.1545
vn 0.5340 0.8160 -0.2212
vn 0.6713 0.6871 -0.2781
vn 0.7808 0.5346 -0.3234
vn 0.8233 0.4538 -0.3410
vn 0.5669 0.8160 -0.1128
vn 0.7126 0.6871 -0.1418
vn 0.8288 0.5346 -0.1649
vn 0.8740 0.4538 -0.1738
vn 0.9422 0.2776 -0.1874
vn 0.9687 0.1565 -0.1927
vn 0.9747 0.0354 -0.2207
vn 0.9563 0.0352 -0.2901
vn 0.9740 0.0354 -0.2239
vn 0.9802 0.0354 -0.1950
vn 0.2063 0.9776 -0.0410
vn 0.3960 0.9149 -0.0788
vn 0.9946 0.0352 -0.0980
vn 0.9877 0.1565 0.0000
vn 0.9990 0.0354 0.0266
vn 0.9989 0.0354 0.0300
vn 0.9994 0.0354 0.0000
vn 0.2103 0.9776 -0.0000
vn 0.4037 0.9149 -0.0000
vn 0.5780 0.8160 0.0000
vn 0.7266 0.6871 -0.0000
vn 0.8451 0.5346 -0.0000
vn 0.8911 0.4538 -0.0000
vn 0.9607 0.2776 0.0000
vn 0.5669 0.8160 0.1128
vn 0.7126 0.6871 0.1418
vn 0.8288 0.5346 0.1649
vn 0.8740 0.4538 0.1738
vn 0.9422 0.2776 0.1874
vn 0.9687 0.1565 0.1927
vn 0.9946 0.0352 0.0980
vn 0.9747 0.0354 0.2207
vn 0.9740 0.0354 0.2239
vn 0.9802 0.0354 0.1950
vn 0.2063 0.9776 0.0410
vn 0.3960 0.9149 0.0788
vn 0.9563 0.0352 0.2901
vn 0.9125 0.1565 0.3780
vn 0.9233 0.0354 0.3824
vn 0.1943 0.9776 0.0805
vn 0.3730 0.9149 0.1545
vn 0.5340 0.8160 0.2212
vn 0.6713 0.6871 0.2781
vn 0.7808 0.5346 0.3234
vn 0.8233 0.4538 0.3410
vn 0.8876 0.2776 0.3676
vn 0.6042 0.6871 0.4037
vn 0.7027 0.5346 0.4695
vn 0.7409 0.4538 0.4951
vn 0.7988 0.2776 0.5337
vn 0.8212 0.1565 0.5487
vn 0.8309 0.0354 0.5552
vn 0.1749 0.9776 0.1168
vn 0.3357 0.9149 0.2243
vn 0.4806 0.8160 0.3211
vn 0.1487 0.9776 0.1487
vn 0.2855 0.9149 0.2855
vn 0.4087 0.8160 0.4087
vn 0.5138 0.6871 0.5138
vn 0.5976 0.5346 0.5976
vn 0.6301 0.4538 0.6301
vn 0.6793 0.2776 0.6793
vn 0.6984 0.1565 0.6984
vn 0.7067 0.0354 0.7067
vn 0.4037 0.6871 0.6042
vn 0.4695 0.5346 0.7027
vn 0.4951 0.4538 0.7409
vn 0.5337 0.2776 0.7988
vn 0.5487 0.1565 0.8212
vn 0.5552 0.0354 0.8309
vn 0.1168 0.9776 0.1749
vn 0.2243 0.9149 0.3357
vn 0.3211 0.8160 0.4806
vn 0.0805 0.9776 0.1943
vn 0.1545 0.9149 0.3730
vn 0.2212 0.8160 0.5340
vn 0.2781 0.6871 0.6713
vn 0.3234 0.5346 0.7808
vn 0.3410 0.4538 0.8233
vn 0.3676 0.2776 0.8876
vn 0.3780 0.1565 0.9125
vn 0.3824 0.0354 0.9233
vn 0.1649 0.5346 0.8288
vn 0.1738 0.4538 0.8740
vn 0.1874 0.2776 0.9422
vn 0.1927 0.1565 0.9687
vn 0.2207 0.0354 0.9747
vn 0.2901 0.0352 0.9563
vn 0.2239 0.0354 0.9740
vn 0.1950 0.0354 0.9802
vn 0.0410 0.9776 0.2063
vn 0.0788 0.9149 0.3960
vn 0.1128 0.8160 0.5669
vn 0.1418 0.6871 0.7126
vn -0.0000 0.9149 0.4037
vn -0.0000 0.8160 0.5780
vn -0.0000 0.6871 0.7266
vn -0.0000 0.5346 0.8451
vn -0.0000 0.4538 0.8911
vn -0.0000 0.2776 0.9607
vn -0.0000 0.1565 0.9877
vn 0.0980 0.0352 0.9946
vn 0.0266 0.0354 0.9990
vn 0.0300 0.0354 0.9989
vn -0.0000 0.0354 0.9994
vn -0.0000 0.9776 0.2103
vn -0.1874 0.2776 0.9422
vn -0.1927 0.1565 0.9687
vn -0.0980 0.0352 0.9946
vn -0.1695 0.0354 0.9849
vn -0.1660 0.0354 0.9855
vn -0.1950 0.0354 0.9802
vn -0.0410 0.9776 0.2063
vn -0.0788 0.9149 0.3960
vn -0.1128 0.8160 0.5669
vn -0.1418 0.6871 0.7126
vn -0.1649 0.5346 0.8288
vn -0.1739 0.4538 0.8740
vn -0.1545 0.9149 0.3730
vn -0.2212 0.8160 0.5340
vn -0.2781 0.6871 0.6713
vn -0.3234 0.5346 0.7808
vn -0.3410 0.4538 0.8233
vn -0.3676 0.2776 0.8876
vn -0.3780 0.1565 0.9125
vn -0.2901 0.0352 0.9563
vn -0.3824 0.0354 0.9233
vn -0.0805 0.9776 0.1943
vn -0.5337 0.2776 0.7988
vn -0.5487 0.1565 0.8212
vn -0.5552 0.0354 0.8309
vn -0.1168 0.9776 0.1749
vn -0.2243 0.9149 0.3357
vn -0.3211 0.8160 0.4806
vn -0.4037 0.6871 0.6042
vn -0.4695 0.5346 0.7027
vn -0.4951 0.4538 0.7409
vn -0.4087 0.8160 0.4087
vn -0.5138 0.6871 0.5138
vn -0.5976 0.5346 0.5976
vn -0.6301 0.4538 0.6301
vn -0.6793 0.2776 0.6793
vn -0.6984 0.1565 0.6984
vn -0.7067 0.0354 0.7067
vn -0.1487 0.9776 0.1487
vn -0.2855 0.9149 0.2855
vn -0.8212 0.1565 0.5487
vn -0.8309 0.0354 0.5552
vn -0.1749 0.9776 0.1168
vn -0.3357 0.9149 0.2243
vn -0.4806 0.8160 0.3211
vn -0.6042 0.6871 0.4037
vn -0.7027 0.5346 0.4695
vn -0.7409 0.4538 0.4951
vn -0.7988 0.2776 0.5337
vn -0.5340 0.8160 0.2212
vn -0.6713 0.6871 0.2781
vn -0.7808 0.5346 0.3234
vn -0.8233 0.4538 0.3410
vn -0.8876 0.2776 0.3676
vn -0.9125 0.1565 0.3780
vn -0.9233 0.0354 0.3824
vn -0.1943 0.9776 0.0805
vn -0.3730 0.9149 0.1545
vn -0.9687 0.1565 0.1927
vn -0.9747 0.0354 0.2207
vn -0.9563 0.0352 0.2901
vn -0.9740 0.0354 0.2239
vn -0.9802 0.0354 0.1950
vn -0.2063 0.9776 0.0410
vn -0.3960 0.9149 0.0788
vn -0.5669 0.8160 0.1128
vn -0.7126 0.6871 0.1418
vn -0.8288 0.5346 0.1649
vn -0.8740 0.4538 0.1738
vn -0.9422 0.2776 0.1874
vn -0.7266 0.6871 -0.0000
vn -0.8451 0.5346 -0.0000
vn -0.8911 0.4538 -0.0000
vn -0.9607 0.2776 -0.0000
vn -0.9877 0.1565 -0.0000
vn -0.9946 0.0352 0.0980
vn -0.9990 0.0354 0.0266
vn -0.9989 0.0354 0.0300
vn -0.9994 0.0354 -0.0000
vn -0.2103 0.9776 -0.0000
vn -0.4037 0.9149 0.0000
vn -0.5780 0.8160 0.0000
vn -0.2063 0.9776 -0.0410
vn -0.3960 0.9149 -0.0788
vn -0.5669 0.8160 -0.1128
vn -0.7126 0.6871 -0.1418
vn -0.8288 0.5346 -0.1649
vn -0.8740 0.4538 -0.1738
vn -0.9422 0.2776 -0.1874
vn -0.9687 0.1565 -0.1927
vn -0.9946 0.0352 -0.0980
vn -0.9747 0.0354 -0.2207
vn -0.9740 0.0354 -0.2239
vn -0.9802 0.0354 -0.1950
vn -0.7808 0.5346 -0.3234
vn -0.8233 0.4538 -0.3410
vn -0.8876 0.2776 -0.3676
vn -0.9125 0.1565 -0.3780
vn -0.9563 0.0352 -0.2901
vn -0.9233 0.0354 -0.3824
vn -0.1943 0.9776 -0.0805
vn -0.3730 0.9149 -0.1545
vn -0.5340 0.8160 -0.2212
vn -0.6713 0.6871 -0.2781
vn -0.1749 0.9776 -0.1168
vn -0.3357 0.9149 -0.2243
vn -0.4806 0.8160 -0.3211
vn -0.6042 0.6871 -0.4037
vn -0.7027 0.5346 -0.4695
vn -0.7409 0.4538 -0.4951
vn -0.7988 0.2776 -0.5337
vn -0.8212 0.1565 -0.5487
vn -0.8309 0.0354 -0.5552
vn -0.5976 0.5346 -0.5976
vn -0.6301 0.4538 -0.6301
vn -0.6793 0.2776 -0.6793
vn -0.6984 0.1565 -0.6984
vn -0.7067 0.0354 -0.7067
vn -0.1487 0.9776 -0.1487
vn -0.2855 0.9149 -0.2855
vn -0.4087 0.8160 -0.4087
vn -0.5138 0.6871 -0.5138
vn -0.2243 0.9149 -0.3357
vn -0.3211 0.8160 -0.4806
vn -0.4037 0.6871 -0.6042
vn -0.4695 0.5346 -0.7027
vn -0.4951 0.4538 -0.7409
vn -0.5337 0.2776 -0.7988
vn -0.5487 0.1565 -0.8212
vn -0.5552 0.0354 -0.8309
vn -0.1168 0.9776 -0.1749
vn -0.3676 0.2776 -0.8876
vn -0.3780 0.1565 -0.9125
vn -0.3824 0.0354 -0.9233
vn -0.0805 0.9776 -0.1943
vn -0.1545 0.9149 -0.3730
vn -0.2212 0.8160 -0.5340
vn -0.2781 0.6871 -0.6713
vn -0.3234 0.5346 -0.7808
vn -0.3410 0.4538 -0.8233
vn -0.0788 0.9149 -0.3960
vn -0.1128 0.8160 -0.5669
vn -0.1418 0.6871 -0.7126
vn -0.1649 0.5346 -0.8288
vn -0.1739 0.4538 -0.8740
vn -0.1874 0.2776 -0.9422
vn -0.1927 0.1565 -0.9687
vn -0.1695 0.0354 -0.9849
vn -0.2901 0.0352 -0.9563
vn -0.1660 0.0354 -0.9855
vn -0.1950 0.0354 -0.9802
vn -0.0410 0.9776 -0.2063
vn -0.0980 0.0352 -0.9946
vn 0.0000 0.1961 -0.9806
vn -1.0000 -0.0000 0.0000
vn 0.0000 -0.1275 -0.9918
vn 1.0000 0.0000 0.0000
vn 0.0000 0.1961 0.9806
vn 0.0000 0.8861 0.4634
vn 0.0000 -0.9111 -0.4121
vn 0.0000 -0.1275 0.9918
vn 0.0000 -0.9111 0.4121
vn 0.0000 0.8861 -0.4634
vn 0.9806 0.1961 0.0000
vn 0.0000 0.0000 -1.0000
vn 0.9918 -0.1275 -0.0000
vn 0.0000 0.0000 1.0000
vn -0.9806 0.1961 0.0000
vn -0.4634 0.8861 0.0000
vn 0.4121 -0.9111 0.0000
vn -0.9918 -0.1275 0.0000
vn -0.4121 -0.9111 0.0000
vn 0.4634 0.8861 0.0000
usemtl Material.001
s off
f 407/1/1 406/2/1 420/3/1 421/4/1
f 383/5/2 395/6/2 440/7/2 441/8/2
f 398/9/3 399/10/3 427/11/3 426/12/3
f 382/13/4 384/14/4 439/15/4 438/16/4
f 395/6/5 394/17/5 451/18/5 440/7/5
f 397/19/6 396/20/6 424/21/6 425/22/6
f 409/23/7 398/9/7 426/12/7 437/24/7
f 394/17/8 393/25/8 450/26/8 451/18/8
f 408/27/9 409/23/9 437/24/9 436/28/9
f 393/25/10 382/13/10 438/16/10 450/26/10
f 396/20/11 408/27/11 436/28/11 424/21/11
f 392/29/12 391/30/12 449/31/12 442/32/12
f 407/1/13 400/33/13 428/34/13 435/35/13
f 391/30/14 390/36/14 448/37/14 449/31/14
f 406/2/1 407/1/1 435/35/1 434/38/1
f 411/39/15 478/40/15 475/41/15 462/42/15
f 397/19/16 400/33/16 414/43/16 411/39/16
f 400/33/13 407/1/13 421/4/13 414/43/13
f 401/44/17 402/45/17 416/46/17 415/47/17
f 408/27/11 396/20/11 410/48/11 422/49/11
f 402/45/18 403/50/18 417/51/18 416/46/18
f 409/23/9 408/27/9 422/49/9 423/52/9
f 403/50/4 404/53/4 418/54/4 417/51/4
f 398/9/7 409/23/7 423/52/7 412/55/7
f 404/53/19 405/56/19 419/57/19 418/54/19
f 405/56/20 399/10/20 413/58/20 419/57/20
f 396/20/6 397/19/6 411/39/6 410/48/6
f 406/2/21 401/44/21 415/47/21 420/3/21
f 399/10/3 398/9/3 412/55/3 413/58/3
f 425/22/22 424/21/22 438/16/22 439/15/22
f 426/12/22 427/11/22 441/8/22 440/7/22
f 428/34/22 425/22/22 439/15/22 442/32/22
f 430/59/22 429/60/22 443/61/22 444/62/22
f 431/63/22 430/59/22 444/62/22 445/64/22
f 432/65/22 431/63/22 445/64/22 446/66/22
f 433/67/22 432/65/22 446/66/22 447/68/22
f 427/11/22 433/67/22 447/68/22 441/8/22
f 429/60/22 434/38/22 448/37/22 443/61/22
f 434/38/22 435/35/22 449/31/22 448/37/22
f 435/35/22 428/34/22 442/32/22 449/31/22
f 424/21/22 436/28/22 450/26/22 438/16/22
f 436/28/22 437/24/22 451/18/22 450/26/22
f 437/24/22 426/12/22 440/7/22 451/18/22
f 400/33/16 397/19/16 425/22/16 428/34/16
f 384/14/23 392/29/23 442/32/23 439/15/23
f 402/45/17 401/44/17 429/60/17 430/59/17
f 385/69/24 386/70/24 444/62/24 443/61/24
f 403/50/18 402/45/18 430/59/18 431/63/18
f 386/70/25 388/71/25 445/64/25 444/62/25
f 404/53/4 403/50/4 431/63/4 432/65/4
f 388/71/6 389/72/6 446/66/6 445/64/6
f 405/56/19 404/53/19 432/65/19 433/67/19
f 389/72/26 387/73/26 447/68/26 446/66/26
f 399/10/20 405/56/20 433/67/20 427/11/20
f 387/73/27 383/5/27 441/8/27 447/68/27
f 401/44/21 406/2/21 434/38/21 429/60/21
f 390/36/28 385/69/28 443/61/28 448/37/28
f 462/42/22 458/74/22 410/48/22 411/39/22
f 458/74/15 492/75/15 489/76/15 410/48/15
f 519/77/29 518/78/29 532/79/29 533/80/29
f 495/81/30 507/82/30 552/83/30 553/84/30
f 510/85/31 511/86/31 539/87/31 538/88/31
f 494/89/32 496/90/32 551/91/32 550/92/32
f 507/82/33 506/93/33 563/94/33 552/83/33
f 509/95/34 508/96/34 536/97/34 537/98/34
f 521/99/35 510/85/35 538/88/35 549/100/35
f 506/93/36 505/101/36 562/102/36 563/94/36
f 520/103/37 521/99/37 549/100/37 548/104/37
f 505/101/38 494/89/38 550/92/38 562/102/38
f 508/96/39 520/103/39 548/104/39 536/97/39
f 504/105/40 503/106/40 561/107/40 554/108/40
f 519/77/41 512/109/41 540/110/41 547/111/41
f 503/106/42 502/112/42 560/113/42 561/107/42
f 518/78/29 519/77/29 547/111/29 546/114/29
f 523/115/43 590/116/43 587/117/43 574/118/43
f 509/95/44 512/109/44 526/119/44 523/115/44
f 512/109/41 519/77/41 533/80/41 526/119/41
f 513/120/45 514/121/45 528/122/45 527/123/45
f 520/103/39 508/96/39 522/124/39 534/125/39
f 514/121/46 515/126/46 529/127/46 528/122/46
f 521/99/37 520/103/37 534/125/37 535/128/37
f 515/126/32 516/129/32 530/130/32 529/127/32
f 510/85/35 521/99/35 535/128/35 524/131/35
f 516/129/47 517/132/47 531/133/47 530/130/47
f 517/132/48 511/86/48 525/134/48 531/133/48
f 508/96/34 509/95/34 523/115/34 522/124/34
f 518/78/49 513/120/49 527/123/49 532/79/49
f 511/86/31 510/85/31 524/131/31 525/134/31
f 537/98/50 536/97/50 550/92/50 551/91/50
f 538/88/50 539/87/50 553/84/50 552/83/50
f 540/110/50 537/98/50 551/91/50 554/108/50
f 542/135/50 541/136/50 555/137/50 556/138/50
f 543/139/50 542/135/50 556/138/50 557/140/50
f 544/141/50 543/139/50 557/140/50 558/142/50
f 545/143/50 544/141/50 558/142/50 559/144/50
f 539/87/50 545/143/50 559/144/50 553/84/50
f 541/136/50 546/114/50 560/113/50 555/137/50
f 546/114/50 547/111/50 561/107/50 560/113/50
f 547/111/50 540/110/50 554/108/50 561/107/50
f 536/97/50 548/104/50 562/102/50 550/92/50
f 548/104/50 549/100/50 563/94/50 562/102/50
f 549/100/50 538/88/50 552/83/50 563/94/50
f 512/109/44 509/95/44 537/98/44 540/110/44
f 496/90/51 504/105/51 554/108/51 551/91/51
f 514/121/45 513/120/45 541/136/45 542/135/45
f 497/145/52 498/146/52 556/138/52 555/137/52
f 515/126/46 514/121/46 542/135/46 543/139/46
f 498/146/53 500/147/53 557/140/53 556/138/53
f 516/129/32 515/126/32 543/139/32 544/141/32
f 500/147/34 501/148/34 558/142/34 557/140/34
f 517/132/47 516/129/47 544/141/47 545/143/47
f 501/148/54 499/149/54 559/144/54 558/142/54
f 511/86/48 517/132/48 545/143/48 539/87/48
f 499/149/55 495/81/55 553/84/55 559/144/55
f 513/120/49 518/78/49 546/114/49 541/136/49
f 502/112/56 497/145/56 555/137/56 560/113/56
f 574/118/43 570/150/43 522/124/43 523/115/43
f 570/150/43 604/151/43 601/152/43 522/124/43
f 800/153/57 798/154/57 609/155/57 623/156/57
f 770/157/58 765/158/58 613/159/58 624/160/58
f 785/161/59 780/162/59 611/163/59 625/164/59
f 756/165/60 752/166/60 607/167/60 622/168/60
f 797/169/61 788/170/61 610/171/61 766/172/61
f 644/173/62 804/174/62 668/175/62 759/176/62
f 752/166/63 621/177/63 664/178/63 761/179/63
f 786/180/62 782/181/62 621/182/62 631/183/62
f 795/184/61 783/185/61 618/186/61 754/187/61
f 655/188/61 649/189/61 784/190/61 619/191/61 728/192/61 729/193/61 730/194/61
f 769/195/60 768/196/60 620/197/60 626/198/60
f 633/199/60 631/200/60 621/177/60 627/201/60
f 755/202/58 753/203/58 616/204/58 628/205/58
f 632/206/58 630/207/58 617/208/58 629/209/58
f 751/210/58 755/202/58 628/205/58 615/211/58
f 766/212/60 769/195/60 626/198/60 619/213/60
f 754/214/60 756/165/60 622/168/60 606/215/60
f 788/216/59 785/161/59 625/164/59 610/217/59
f 767/218/58 770/157/58 624/160/58 612/219/58
f 801/220/57 800/153/57 623/156/57 608/221/57
f 619/213/60 626/198/60 633/199/60 715/222/60 714/223/60 719/224/60 717/225/60 716/226/60 722/227/60 723/228/60 725/229/60 728/230/60
f 615/211/58 628/205/58 632/206/58 737/231/58 736/232/58 738/233/58 739/234/58 742/235/58 744/236/58 749/237/58
f 628/205/58 616/204/58 630/207/58 632/206/58
f 626/198/60 620/197/60 631/200/60 633/199/60
f 647/238/61 655/188/61 730/194/61 726/239/61 731/240/61 618/186/61 783/185/61
f 781/241/62 786/180/62 631/183/62 620/242/62
f 803/243/62 808/244/62 656/245/62 642/246/62
f 642/246/62 656/245/62 657/247/62 643/248/62
f 615/249/61 749/250/61 748/251/61 747/252/61 654/253/61 646/254/61 805/255/61
f 646/254/61 654/253/61 655/188/61 647/238/61
f 779/256/57 789/257/57 652/258/57 635/259/57
f 635/259/57 652/258/57 653/260/57 634/261/57 695/262/57 693/263/57 691/264/57 688/265/57 687/266/57 685/267/57 682/268/57 683/269/57 684/270/57 686/271/57 689/272/57 690/273/57 694/274/57 697/275/57
f 799/276/59 807/277/59 650/278/59 639/279/59
f 639/279/59 650/278/59 651/280/59 638/281/59 713/282/59 709/283/59 706/284/59 705/285/59 702/286/59 700/287/59 699/288/59 698/289/59 701/290/59 703/291/59 704/292/59 707/293/59 708/294/59 711/295/59
f 654/253/61 648/296/61 649/189/61 655/188/61
f 814/297/61 805/255/61 646/254/61 757/298/61
f 757/298/61 646/254/61 647/238/61 758/299/61
f 808/244/62 804/174/62 644/173/62 656/245/62
f 656/245/62 644/173/62 645/300/62 657/247/62
f 768/196/63 611/301/63 663/302/63 776/303/63
f 771/304/62 642/246/62 643/248/62 772/305/62
f 802/306/64 613/307/64 661/308/64 810/309/64
f 759/176/62 637/310/62 636/311/62 760/312/62
f 816/313/61 799/314/61 639/315/61 773/316/61
f 773/316/61 639/315/61 711/317/61 710/318/61 712/319/61 713/320/61 638/321/61 774/322/61
f 807/277/59 802/306/59 640/323/59 650/278/59
f 650/278/59 640/323/59 641/324/59 651/280/59
f 789/257/57 787/325/57 636/326/57 652/258/57
f 652/258/57 636/326/57 637/327/57 653/260/57
f 794/328/62 793/329/62 665/330/62 761/331/62
f 796/332/62 791/333/62 667/334/62 776/335/62
f 759/336/65 668/337/65 813/338/65 763/339/65
f 813/340/62 809/341/62 658/342/62 763/343/62
f 765/158/66 617/208/66 660/344/66 775/345/66
f 771/346/67 640/347/67 671/348/67 777/349/67
f 781/350/68 620/351/68 667/352/68 791/353/68
f 804/354/69 812/355/69 813/356/69 668/357/69
f 669/358/70 760/359/70 764/360/70 794/361/70
f 787/325/71 607/362/71 665/363/71 793/364/71
f 753/203/66 609/365/66 659/366/66 762/367/66
f 804/368/72 616/369/72 666/370/72 812/371/72
f 672/372/62 772/305/62 643/248/62 781/241/62
f 780/162/64 641/324/64 662/373/64 790/374/64
f 760/375/73 636/376/73 670/377/73 764/378/73
f 798/154/71 637/327/71 658/379/71 809/380/71
f 681/381/58 680/382/58 679/383/58 678/384/58 677/385/58 675/386/58 674/387/58 750/388/58 676/389/58 732/390/58 737/231/58 632/206/58 629/209/58 614/391/58
f 731/392/60 727/393/60 724/394/60 721/395/60 720/396/60 718/397/60 715/222/60 633/199/60 627/201/60 618/398/60
f 746/399/58 743/400/58 741/401/58 740/402/58 735/403/58 734/404/58 733/405/58 676/389/58 750/388/58 674/387/58 675/386/58 677/385/58 678/384/58 679/383/58 680/382/58 681/381/58
f 747/252/61 745/406/61 746/407/61 681/408/61 614/409/61 806/410/61 648/296/61 654/253/61
f 645/300/62 760/312/62 669/411/62 782/181/62
f 637/412/67 759/413/67 763/414/67 658/415/67
f 616/204/66 753/203/66 762/367/66 666/416/66
f 672/417/74 796/418/74 778/419/74 772/420/74
f 792/421/62 794/328/62 761/331/62 664/422/62
f 644/173/62 759/176/62 760/312/62 645/300/62
f 634/423/61 757/298/61 758/299/61 635/424/61 697/425/61 696/426/61 692/427/61 695/428/61
f 801/429/61 814/297/61 757/298/61 634/423/61
f 618/398/60 627/201/60 756/165/60 754/214/60
f 608/430/58 623/431/58 755/202/58 751/210/58
f 623/431/58 609/365/58 753/203/58 755/202/58
f 779/432/61 795/184/61 754/187/61 606/433/61
f 607/167/63 752/166/63 761/179/63 665/434/63
f 627/201/60 621/177/60 752/166/60 756/165/60
f 641/435/73 772/436/73 778/437/73 662/438/73
f 672/439/75 781/440/75 791/441/75 796/442/75
f 613/159/66 765/158/66 775/345/66 661/443/66
f 810/444/62 815/445/62 777/446/62 671/447/62
f 790/448/62 796/332/62 776/335/62 663/449/62
f 648/296/61 773/316/61 774/322/61 649/189/61
f 806/410/61 816/313/61 773/316/61 648/296/61
f 640/450/62 771/304/62 772/305/62 641/451/62
f 620/197/63 768/196/63 776/303/63 667/452/63
f 614/391/58 629/209/58 770/157/58 767/218/58
f 610/453/60 625/454/60 769/195/60 766/212/60
f 625/454/60 611/301/60 768/196/60 769/195/60
f 784/190/61 797/169/61 766/172/61 619/191/61
f 629/209/58 617/208/58 765/158/58 770/157/58
f 649/189/61 774/322/61 797/169/61 784/190/61
f 662/455/62 778/456/62 796/332/62 790/448/62
f 635/424/61 758/299/61 795/184/61 779/432/61
f 782/457/76 669/458/76 794/459/76 792/460/76
f 611/163/64 780/162/64 790/374/64 663/461/64
f 636/326/71 787/325/71 793/364/71 670/462/71
f 621/463/72 782/464/72 792/465/72 664/466/72
f 803/243/62 642/246/62 771/304/62 673/467/62
f 673/468/77 815/469/77 811/470/77 803/471/77
f 764/472/62 670/473/62 793/329/62 794/328/62
f 622/474/57 607/362/57 787/325/57 789/257/57
f 606/475/57 622/474/57 789/257/57 779/256/57
f 643/248/62 657/247/62 786/180/62 781/241/62
f 638/281/59 651/280/59 785/161/59 788/216/59
f 758/299/61 647/238/61 783/185/61 795/184/61
f 657/247/62 645/300/62 782/181/62 786/180/62
f 774/322/61 638/321/61 788/170/61 797/169/61
f 651/280/59 641/324/59 780/162/59 785/161/59
f 614/409/61 767/476/61 816/313/61 806/410/61
f 661/477/62 775/478/62 815/445/62 810/444/62
f 608/479/61 751/480/61 814/297/61 801/429/61
f 666/481/62 762/482/62 813/340/62 812/483/62
f 609/155/71 798/154/71 809/380/71 659/484/71
f 673/485/78 771/486/78 777/487/78 815/488/78
f 762/482/62 659/489/62 809/341/62 813/340/62
f 775/478/62 660/490/62 811/491/62 815/445/62
f 624/492/59 613/307/59 802/306/59 807/277/59
f 767/476/61 612/493/61 799/314/61 816/313/61
f 640/323/64 802/306/64 810/309/64 671/494/64
f 630/495/62 616/496/62 804/174/62 808/244/62
f 751/480/61 615/249/61 805/255/61 814/297/61
f 612/497/59 624/492/59 807/277/59 799/276/59
f 617/498/62 630/495/62 808/244/62 803/243/62
f 634/261/57 653/260/57 800/153/57 801/220/57
f 617/499/68 803/500/68 811/501/68 660/502/68
f 653/260/57 637/327/57 798/154/57 800/153/57
f 842/503/79 841/504/79 855/505/79 856/506/79
f 818/507/80 830/508/80 875/509/80 876/510/80
f 833/511/81 834/512/81 862/513/81 861/514/81
f 817/515/82 819/516/82 874/517/82 873/518/82
f 830/508/83 829/519/83 886/520/83 875/509/83
f 832/521/84 831/522/84 859/523/84 860/524/84
f 844/525/85 833/511/85 861/514/85 872/526/85
f 829/519/86 828/527/86 885/528/86 886/520/86
f 843/529/87 844/525/87 872/526/87 871/530/87
f 828/527/88 817/515/88 873/518/88 885/528/88
f 831/522/89 843/529/89 871/530/89 859/523/89
f 827/531/90 826/532/90 884/533/90 877/534/90
f 842/503/91 835/535/91 863/536/91 870/537/91
f 826/532/92 825/538/92 883/539/92 884/533/92
f 841/504/79 842/503/79 870/537/79 869/540/79
f 846/541/93 913/542/93 910/543/93 897/544/93
f 832/521/94 835/535/94 849/545/94 846/541/94
f 835/535/91 842/503/91 856/506/91 849/545/91
f 836/546/95 837/547/95 851/548/95 850/549/95
f 843/529/89 831/522/89 845/550/89 857/551/89
f 837/547/96 838/552/96 852/553/96 851/548/96
f 844/525/87 843/529/87 857/551/87 858/554/87
f 838/552/82 839/555/82 853/556/82 852/553/82
f 833/511/85 844/525/85 858/554/85 847/557/85
f 839/555/97 840/558/97 854/559/97 853/556/97
f 840/558/98 834/512/98 848/560/98 854/559/98
f 831/522/84 832/521/84 846/541/84 845/550/84
f 841/504/99 836/546/99 850/549/99 855/505/99
f 834/512/81 833/511/81 847/557/81 848/560/81
f 860/524/93 859/523/93 873/518/93 874/517/93
f 861/514/93 862/513/93 876/510/93 875/509/93
f 863/536/93 860/524/93 874/517/93 877/534/93
f 865/561/93 864/562/93 878/563/93 879/564/93
f 866/565/93 865/561/93 879/564/93 880/566/93
f 867/567/93 866/565/93 880/566/93 881/568/93
f 868/569/93 867/567/93 881/568/93 882/570/93
f 862/513/93 868/569/93 882/570/93 876/510/93
f 864/562/93 869/540/93 883/539/93 878/563/93
f 869/540/93 870/537/93 884/533/93 883/539/93
f 870/537/93 863/536/93 877/534/93 884/533/93
f 859/523/93 871/530/93 885/528/93 873/518/93
f 871/530/93 872/526/93 886/520/93 885/528/93
f 872/526/93 861/514/93 875/509/93 886/520/93
f 835/535/94 832/521/94 860/524/94 863/536/94
f 819/516/100 827/531/100 877/534/100 874/517/100
f 837/547/95 836/546/95 864/562/95 865/561/95
f 820/571/101 821/572/101 879/564/101 878/563/101
f 838/552/96 837/547/96 865/561/96 866/565/96
f 821/572/102 823/573/102 880/566/102 879/564/102
f 839/555/82 838/552/82 866/565/82 867/567/82
f 823/573/84 824/574/84 881/568/84 880/566/84
f 840/558/97 839/555/97 867/567/97 868/569/97
f 824/574/103 822/575/103 882/570/103 881/568/103
f 834/512/98 840/558/98 868/569/98 862/513/98
f 822/575/104 818/507/104 876/510/104 882/570/104
f 836/546/99 841/504/99 869/540/99 864/562/99
f 825/538/105 820/571/105 878/563/105 883/539/105
f 897/544/106 893/576/106 845/550/106 846/541/106
f 893/576/93 927/577/93 924/578/93 845/550/93
f 954/579/107 953/580/107 967/581/107 968/582/107
f 930/583/108 942/584/108 987/585/108 988/586/108
f 945/587/109 946/588/109 974/589/109 973/590/109
f 929/591/110 931/592/110 986/593/110 985/594/110
f 942/584/111 941/595/111 998/596/111 987/585/111
f 944/597/112 943/598/112 971/599/112 972/600/112
f 956/601/113 945/587/113 973/590/113 984/602/113
f 941/595/114 940/603/114 997/604/114 998/596/114
f 955/605/115 956/601/115 984/602/115 983/606/115
f 940/603/116 929/591/116 985/594/116 997/604/116
f 943/598/117 955/605/117 983/606/117 971/599/117
f 939/607/118 938/608/118 996/609/118 989/610/118
f 954/579/119 947/611/119 975/612/119 982/613/119
f 938/608/120 937/614/120 995/615/120 996/609/120
f 953/580/107 954/579/107 982/613/107 981/616/107
f 958/617/121 1025/618/121 1022/619/121 1009/620/121
f 944/597/122 947/611/122 961/621/122 958/617/122
f 947/611/119 954/579/119 968/582/119 961/621/119
f 948/622/123 949/623/123 963/624/123 962/625/123
f 955/605/117 943/598/117 957/626/117 969/627/117
f 949/623/124 950/628/124 964/629/124 963/624/124
f 956/601/115 955/605/115 969/627/115 970/630/115
f 950/628/110 951/631/110 965/632/110 964/629/110
f 945/587/113 956/601/113 970/630/113 959/633/113
f 951/631/125 952/634/125 966/635/125 965/632/125
f 952/634/126 946/588/126 960/636/126 966/635/126
f 943/598/112 944/597/112 958/617/112 957/626/112
f 953/580/127 948/622/127 962/625/127 967/581/127
f 946/588/109 945/587/109 959/633/109 960/636/109
f 972/600/128 971/599/128 985/594/128 986/593/128
f 973/590/128 974/589/128 988/586/128 987/585/128
f 975/612/128 972/600/128 986/593/128 989/610/128
f 977/637/129 976/638/129 990/639/129 991/640/129
f 978/641/128 977/637/128 991/640/128 992/642/128
f 979/643/129 978/641/129 992/642/129 993/644/129
f 980/645/129 979/643/129 993/644/129 994/646/129
f 974/589/129 980/645/129 994/646/129 988/586/129
f 976/638/128 981/616/128 995/615/128 990/639/128
f 981/616/128 982/613/128 996/609/128 995/615/128
f 982/613/128 975/612/128 989/610/128 996/609/128
f 971/599/128 983/606/128 997/604/128 985/594/128
f 983/606/128 984/602/128 998/596/128 997/604/128
f 984/602/128 973/590/128 987/585/128 998/596/128
f 947/611/122 944/597/122 972/600/122 975/612/122
f 931/592/130 939/607/130 989/610/130 986/593/130
f 949/623/123 948/622/123 976/638/123 977/637/123
f 932/647/131 933/648/131 991/640/131 990/639/131
f 950/628/124 949/623/124 977/637/124 978/641/124
f 933/648/132 935/649/132 992/642/132 991/640/132
f 951/631/110 950/628/110 978/641/110 979/643/110
f 935/649/133 936/650/133 993/644/133 992/642/133
f 952/634/125 951/631/125 979/643/125 980/645/125
f 936/650/134 934/651/134 994/646/134 993/644/134
f 946/588/126 952/634/126 980/645/126 974/589/126
f 934/651/135 930/583/135 988/586/135 994/646/135
f 948/622/127 953/580/127 981/616/127 976/638/127
f 937/614/136 932/647/136 990/639/136 995/615/136
f 1009/620/137 1005/652/137 957/626/137 958/617/137
f 1005/652/128 1039/653/128 1036/654/128 957/626/128
usemtl Material.003
s 1
f 115/655/138 114/656/139 122/657/140 123/658/141
f 116/659/142 1084/660/143 1083/661/144 1085/662/144 1081/663/144 1086/664/145 115/655/138 123/658/141 1077/665/146 1076/666/144 1079/667/144 1080/668/144 1078/669/144 1071/670/144 1072/671/147 124/672/148
f 109/673/149 277/674/62 117/675/150
f 110/676/151 109/673/149 117/675/150 118/677/152
f 111/678/153 110/676/151 118/677/152 119/679/154
f 112/680/155 111/678/153 119/679/154 120/681/156
f 113/682/157 112/680/155 120/681/156 121/683/158
f 114/656/159 113/682/157 121/683/158 122/657/160
f 122/657/160 121/683/158 130/684/161 131/685/162
f 123/658/141 122/657/140 131/685/163 132/686/164
f 124/672/148 1072/671/147 1073/687/165 1075/688/165 1074/689/165 1077/665/146 123/658/141 132/686/164 133/690/166
f 117/675/150 277/674/62 126/691/167
f 118/677/152 117/675/150 126/691/167 127/692/168
f 119/679/154 118/677/152 127/692/168 128/693/169
f 120/681/156 119/679/154 128/693/169 129/694/170
f 121/683/158 120/681/156 129/694/170 130/684/161
f 127/692/168 126/691/167 135/695/171 136/696/172
f 128/693/169 127/692/168 136/696/172 137/697/173
f 129/694/170 128/693/169 137/697/173 138/698/174
f 130/684/161 129/694/170 138/698/174 139/699/175
f 131/685/162 130/684/161 139/699/175 140/700/176
f 132/686/164 131/685/163 140/700/177 141/701/178
f 133/690/166 132/686/164 141/701/178 142/702/179
f 126/691/167 277/674/62 135/695/171
f 140/700/176 139/699/175 148/703/180 149/704/181
f 141/701/178 140/700/177 149/704/182 150/705/183
f 142/702/179 141/701/178 150/705/183 151/706/184
f 135/695/171 277/674/62 144/707/185
f 136/696/172 135/695/171 144/707/185 145/708/186
f 137/697/173 136/696/172 145/708/186 146/709/187
f 138/698/174 137/697/173 146/709/187 147/710/188
f 139/699/175 138/698/174 147/710/188 148/703/180
f 146/709/187 145/708/186 154/711/189 155/712/190
f 147/710/188 146/709/187 155/712/190 156/713/191
f 148/703/180 147/710/188 156/713/191 157/714/192
f 149/704/181 148/703/180 157/714/192 158/715/193
f 150/705/183 149/704/182 158/715/194 159/716/195
f 151/706/184 150/705/183 159/716/195 160/717/196
f 144/707/185 277/674/62 153/718/197
f 145/708/186 144/707/185 153/718/197 154/711/189
f 159/716/195 158/715/194 167/719/198 168/720/199
f 160/717/196 159/716/195 168/720/199 169/721/200
f 153/718/197 277/674/62 162/722/201
f 154/711/189 153/718/197 162/722/201 163/723/202
f 155/712/190 154/711/189 163/723/202 164/724/203
f 156/713/191 155/712/190 164/724/203 165/725/204
f 157/714/192 156/713/191 165/725/204 166/726/205
f 158/715/193 157/714/192 166/726/205 167/719/206
f 165/725/204 164/724/203 173/727/207 174/728/208
f 166/726/205 165/725/204 174/728/208 175/729/209
f 167/719/206 166/726/205 175/729/209 176/730/210
f 168/720/199 167/719/198 176/730/211 177/731/212
f 169/721/200 168/720/199 177/731/212 1105/732/213 1104/733/214 1106/734/214 1103/735/214 1101/736/215 178/737/216
f 162/722/201 277/674/62 171/738/217
f 163/723/202 162/722/201 171/738/217 172/739/218
f 164/724/203 163/723/202 172/739/218 173/727/207
f 178/737/216 1101/736/215 1102/740/219 1109/741/219 1110/742/219 1108/743/219 1107/744/219 1105/732/213 177/731/212 186/745/220 1117/746/221 1113/747/219 1111/748/219 1114/749/219 1112/750/219 1115/751/219 1118/752/222 187/753/223
f 171/738/217 277/674/62 180/754/224
f 172/739/218 171/738/217 180/754/224 181/755/225
f 173/727/207 172/739/218 181/755/225 182/756/226
f 174/728/208 173/727/207 182/756/226 183/757/227
f 175/729/209 174/728/208 183/757/227 184/758/228
f 176/730/210 175/729/209 184/758/228 185/759/229
f 177/731/212 176/730/211 185/759/230 186/745/220
f 183/757/227 182/756/226 191/760/231 192/761/232
f 184/758/228 183/757/227 192/761/232 193/762/233
f 185/759/229 184/758/228 193/762/233 194/763/234
f 186/745/220 185/759/230 194/763/235 195/764/236
f 187/753/223 1118/752/222 1119/765/237 1120/766/237 1116/767/237 1117/746/221 186/745/220 195/764/236 1122/768/238 1121/769/237 1124/770/237 1128/771/237 1130/772/237 1125/773/237 1127/774/239 196/775/240
f 180/754/224 277/674/62 189/776/241
f 181/755/225 180/754/224 189/776/241 190/777/242
f 182/756/226 181/755/225 190/777/242 191/760/231
f 196/775/240 1127/774/239 1126/778/243 1129/779/243 1123/780/243 1122/768/238 195/764/236 203/781/244 204/782/245
f 189/776/241 277/674/62 197/783/246
f 190/777/242 189/776/241 197/783/246 198/784/247
f 191/760/231 190/777/242 198/784/247 199/785/248
f 192/761/232 191/760/231 199/785/248 200/786/249
f 193/762/233 192/761/232 200/786/249 201/787/250
f 194/763/234 193/762/233 201/787/250 202/788/251
f 195/764/236 194/763/235 202/788/252 203/781/244
f 201/787/250 200/786/249 208/789/253 209/790/254
f 202/788/251 201/787/250 209/790/254 210/791/255
f 203/781/244 202/788/252 210/791/256 211/792/257
f 204/782/245 203/781/244 211/792/257 212/793/258
f 197/783/246 277/674/62 205/794/259
f 198/784/247 197/783/246 205/794/259 206/795/260
f 199/785/248 198/784/247 206/795/260 207/796/261
f 200/786/249 199/785/248 207/796/261 208/789/253
f 205/794/259 277/674/62 213/797/262
f 206/795/260 205/794/259 213/797/262 214/798/263
f 207/796/261 206/795/260 214/798/263 215/799/264
f 208/789/253 207/796/261 215/799/264 216/800/265
f 209/790/254 208/789/253 216/800/265 217/801/266
f 210/791/255 209/790/254 217/801/266 218/802/267
f 211/792/257 210/791/256 218/802/268 219/803/269
f 212/793/258 211/792/257 219/803/269 220/804/270
f 217/801/266 216/800/265 224/805/271 225/806/272
f 218/802/267 217/801/266 225/806/272 226/807/273
f 219/803/269 218/802/268 226/807/274 227/808/275
f 220/804/270 219/803/269 227/808/275 228/809/276
f 213/797/262 277/674/62 221/810/277
f 214/798/263 213/797/262 221/810/277 222/811/278
f 215/799/264 214/798/263 222/811/278 223/812/279
f 216/800/265 215/799/264 223/812/279 224/805/271
f 222/811/278 221/810/277 229/813/280 230/814/281
f 223/812/279 222/811/278 230/814/281 231/815/282
f 224/805/271 223/812/279 231/815/282 232/816/283
f 225/806/272 224/805/271 232/816/283 233/817/284
f 226/807/273 225/806/272 233/817/284 234/818/285
f 227/808/275 226/807/274 234/818/286 235/819/287
f 228/809/276 227/808/275 235/819/287 236/820/288
f 221/810/277 277/674/62 229/813/280
f 234/818/285 233/817/284 241/821/289 242/822/290
f 235/819/287 234/818/286 242/822/291 243/823/292
f 236/820/288 235/819/287 243/823/292 1045/824/293 1044/825/294 1046/826/294 1043/827/294 1041/828/295 244/829/296
f 229/813/280 277/674/62 237/830/297
f 230/814/281 229/813/280 237/830/297 238/831/298
f 231/815/282 230/814/281 238/831/298 239/832/299
f 232/816/283 231/815/282 239/832/299 240/833/300
f 233/817/284 232/816/283 240/833/300 241/821/289
f 239/832/299 238/831/298 246/834/301 247/835/302
f 240/833/300 239/832/299 247/835/302 248/836/303
f 241/821/289 240/833/300 248/836/303 249/837/304
f 242/822/290 241/821/289 249/837/304 250/838/305
f 243/823/292 242/822/291 250/838/306 251/839/307
f 244/829/296 1041/828/295 1042/840/308 1048/841/308 1050/842/308 1049/843/308 1047/844/308 1045/824/293 243/823/292 251/839/307 1057/845/309 1051/846/308 1055/847/308 1054/848/308 1052/849/310 252/850/311
f 237/830/297 277/674/62 245/851/312
f 238/831/298 237/830/297 245/851/312 246/834/301
f 251/839/307 250/838/306 258/852/313 259/853/314
f 252/850/311 1052/849/310 1053/854/315 1059/855/315 1069/856/315 1058/857/315 1056/858/315 1057/845/309 251/839/307 259/853/314 1066/859/316 1061/860/315 1060/861/315 1064/862/315 1062/863/317 260/864/318
f 245/851/312 277/674/62 253/865/319
f 246/834/301 245/851/312 253/865/319 254/866/320
f 247/835/302 246/834/301 254/866/320 255/867/321
f 248/836/303 247/835/302 255/867/321 256/868/322
f 249/837/304 248/836/303 256/868/322 257/869/323
f 250/838/305 249/837/304 257/869/323 258/852/324
f 255/867/321 254/866/320 262/870/325 263/871/326
f 256/868/322 255/867/321 263/871/326 264/872/327
f 257/869/323 256/868/322 264/872/327 265/873/328
f 258/852/324 257/869/323 265/873/328 266/874/329
f 259/853/314 258/852/313 266/874/330 267/875/331
f 260/864/318 1062/863/317 1063/876/332 1067/877/332 1070/878/332 1065/879/332 1068/880/332 1066/859/316 259/853/314 267/875/331 268/881/333
f 253/865/319 277/674/62 261/882/334
f 254/866/320 253/865/319 261/882/334 262/870/325
f 267/875/331 266/874/330 274/883/335 275/884/336
f 268/881/333 267/875/331 275/884/336 276/885/337
f 261/882/334 277/674/62 269/886/338
f 262/870/325 261/882/334 269/886/338 270/887/339
f 263/871/326 262/870/325 270/887/339 271/888/340
f 264/872/327 263/871/326 271/888/340 272/889/341
f 265/873/328 264/872/327 272/889/341 273/890/342
f 266/874/329 265/873/328 273/890/342 274/883/343
f 272/889/341 271/888/340 280/891/344 281/892/345
f 273/890/342 272/889/341 281/892/345 282/893/346
f 274/883/343 273/890/342 282/893/346 283/894/347
f 275/884/336 274/883/335 283/894/348 284/895/349
f 276/885/337 275/884/336 284/895/349 285/896/350
f 269/886/338 277/674/62 278/897/351
f 270/887/339 269/886/338 278/897/351 279/898/352
f 271/888/340 270/887/339 279/898/352 280/891/344
f 285/896/350 284/895/349 292/899/353 293/900/354
f 278/897/351 277/674/62 286/901/355
f 279/898/352 278/897/351 286/901/355 287/902/356
f 280/891/344 279/898/352 287/902/356 288/903/357
f 281/892/345 280/891/344 288/903/357 289/904/358
f 282/893/346 281/892/345 289/904/358 290/905/359
f 283/894/347 282/893/346 290/905/359 291/906/360
f 284/895/349 283/894/348 291/906/361 292/899/353
f 289/904/358 288/903/357 296/907/362 297/908/363
f 290/905/359 289/904/358 297/908/363 298/909/364
f 291/906/360 290/905/359 298/909/364 299/910/365
f 292/899/353 291/906/361 299/910/366 300/911/367
f 293/900/354 292/899/353 300/911/367 301/912/368
f 286/901/355 277/674/62 294/913/369
f 287/902/356 286/901/355 294/913/369 295/914/370
f 288/903/357 287/902/356 295/914/370 296/907/362
f 301/912/368 300/911/367 308/915/371 1152/916/372 1153/917/373 1159/918/373 1156/919/373 1157/920/374 309/921/375
f 294/913/369 277/674/62 302/922/376
f 295/914/370 294/913/369 302/922/376 303/923/377
f 296/907/362 295/914/370 303/923/377 304/924/378
f 297/908/363 296/907/362 304/924/378 305/925/379
f 298/909/364 297/908/363 305/925/379 306/926/380
f 299/910/365 298/909/364 306/926/380 307/927/381
f 300/911/367 299/910/366 307/927/382 308/915/371
f 306/926/380 305/925/379 313/928/383 314/929/384
f 307/927/381 306/926/380 314/929/384 315/930/385
f 308/915/371 307/927/382 315/930/386 316/931/387
f 309/921/375 1157/920/374 1149/932/388 1154/933/388 1150/934/388 1155/935/388 1151/936/388 1152/916/372 308/915/371 316/931/387 1147/937/389 1146/938/388 1160/939/388 1158/940/388 1148/941/390 317/942/391
f 302/922/376 277/674/62 310/943/392
f 303/923/377 302/922/376 310/943/392 311/944/393
f 304/924/378 303/923/377 311/944/393 312/945/394
f 305/925/379 304/924/378 312/945/394 313/928/383
f 311/944/393 310/943/392 318/946/395 319/947/396
f 312/945/394 311/944/393 319/947/396 320/948/397
f 313/928/383 312/945/394 320/948/397 321/949/398
f 314/929/384 313/928/383 321/949/398 322/950/399
f 315/930/385 314/929/384 322/950/399 323/951/400
f 316/931/387 315/930/386 323/951/401 324/952/402
f 317/942/391 1148/941/390 1145/953/403 1142/954/403 1144/955/403 1141/956/403 1143/957/403 1147/937/389 316/931/387 324/952/402 1136/958/404 1137/959/403 1138/960/403 1140/961/403 1139/962/403 1131/963/403 1133/964/405 325/965/406
f 310/943/392 277/674/62 318/946/395
f 323/951/400 322/950/399 331/966/407 332/967/408
f 324/952/402 323/951/401 332/967/409 333/968/410
f 325/965/406 1133/964/405 1132/969/411 1135/970/411 1134/971/411 1136/958/404 324/952/402 333/968/410 334/972/412
f 318/946/395 277/674/62 327/973/413
f 319/947/396 318/946/395 327/973/413 328/974/414
f 320/948/397 319/947/396 328/974/414 329/975/415
f 321/949/398 320/948/397 329/975/415 330/976/416
f 322/950/399 321/949/398 330/976/416 331/966/407
f 328/974/414 327/973/413 336/977/417 337/978/418
f 329/975/415 328/974/414 337/978/418 338/979/419
f 330/976/416 329/975/415 338/979/419 339/980/420
f 331/966/407 330/976/416 339/980/420 340/981/421
f 332/967/408 331/966/407 340/981/421 341/982/422
f 333/968/410 332/967/409 341/982/423 342/983/424
f 334/972/412 333/968/410 342/983/424 343/984/425
f 327/973/413 277/674/62 336/977/417
f 341/982/422 340/981/421 349/985/426 350/986/427
f 342/983/424 341/982/423 350/986/428 351/987/429
f 343/984/425 342/983/424 351/987/429 352/988/430
f 336/977/417 277/674/62 345/989/431
f 337/978/418 336/977/417 345/989/431 346/990/432
f 338/979/419 337/978/418 346/990/432 347/991/433
f 339/980/420 338/979/419 347/991/433 348/992/434
f 340/981/421 339/980/420 348/992/434 349/985/426
f 347/991/433 346/990/432 355/993/435 356/994/436
f 348/992/434 347/991/433 356/994/436 357/995/437
f 349/985/426 348/992/434 357/995/437 358/996/438
f 350/986/427 349/985/426 358/996/438 359/997/439
f 351/987/429 350/986/428 359/997/440 360/998/441
f 352/988/430 351/987/429 360/998/441 361/999/442
f 345/989/431 277/674/62 354/1000/443
f 346/990/432 345/989/431 354/1000/443 355/993/435
f 360/998/441 359/997/440 368/1001/444 369/1002/445
f 361/999/442 360/998/441 369/1002/445 370/1003/446
f 354/1000/443 277/674/62 363/1004/447
f 355/993/435 354/1000/443 363/1004/447 364/1005/448
f 356/994/436 355/993/435 364/1005/448 365/1006/449
f 357/995/437 356/994/436 365/1006/449 366/1007/450
f 358/996/438 357/995/437 366/1007/450 367/1008/451
f 359/997/439 358/996/438 367/1008/451 368/1001/452
f 365/1006/449 364/1005/448 373/1009/453 374/1010/454
f 366/1007/450 365/1006/449 374/1010/454 375/1011/455
f 367/1008/451 366/1007/450 375/1011/455 376/1012/456
f 368/1001/452 367/1008/451 376/1012/456 377/1013/457
f 369/1002/445 368/1001/444 377/1013/458 378/1014/459
f 370/1003/446 369/1002/445 378/1014/459 1097/1015/460 1098/1016/461 1095/1017/461 1100/1018/461 1096/1019/461 1092/1020/461 1094/1021/462 379/1022/463
f 363/1004/447 277/674/62 372/1023/464
f 364/1005/448 363/1004/447 372/1023/464 373/1009/453
f 378/1014/459 377/1013/458 114/656/139 115/655/138
f 379/1022/463 1094/1021/462 1093/1024/465 1090/1025/465 1091/1026/465 1097/1015/460 378/1014/459 115/655/138 1086/664/145 1087/1027/465 1088/1028/465 1099/1029/465 1089/1030/465 1082/1031/465 1084/660/143 116/659/142
f 372/1023/464 277/674/62 109/673/149
f 373/1009/453 372/1023/464 109/673/149 110/676/151
f 374/1010/454 373/1009/453 110/676/151 111/678/153
f 375/1011/455 374/1010/454 111/678/153 112/680/155
f 376/1012/456 375/1011/455 112/680/155 113/682/157
f 377/1013/457 376/1012/456 113/682/157 114/656/159
usemtl Material.004
s off
f 462/1032/22 475/1033/22 476/1034/22 470/1035/22 467/1036/22 466/1037/22 477/1038/22 474/1039/22 471/1040/22 473/1041/22 469/1042/22 479/1043/22 468/1044/22 472/1045/22 478/1046/22 411/1047/22 414/1048/22 421/1049/22 420/1050/22 415/1051/22 416/1052/22 417/1053/22 418/1054/22 419/1055/22 413/1056/22 412/1057/22 423/1058/22 422/1059/22 410/1060/22 489/1061/22 490/1062/22 484/1063/22 481/1064/22 480/1065/22 491/1066/22 488/1067/22 485/1068/22 487/1069/22 483/1070/22 493/1071/22 482/1072/22 486/1073/22 492/1074/22 458/1075/22 455/1076/22 459/1077/22 460/1078/22 464/1079/22 463/1080/22 461/1081/22 456/1082/22 454/1083/22 457/1084/22 452/1085/22 453/1086/22 465/1087/22
f 574/1088/50 587/1089/50 588/1090/50 582/1091/50 579/1092/50 578/1093/50 589/1094/50 586/1095/50 583/1096/50 585/1097/50 581/1098/50 591/1099/50 580/1100/50 584/1101/50 590/1102/50 523/1103/50 526/1104/50 533/1105/50 532/1106/50 527/1107/50 528/1108/50 529/1109/50 530/1110/50 531/1111/50 525/1112/50 524/1113/50 535/1114/50 534/1115/50 522/1116/50 601/1117/50 602/1118/50 596/1119/50 593/1120/50 592/1121/50 603/1122/50 600/1123/50 597/1124/50 599/1125/50 595/1126/50 605/1127/50 594/1128/50 598/1129/50 604/1130/50 570/1131/50 567/1132/50 571/1133/50 572/1134/50 576/1135/50 575/1136/50 573/1137/50 568/1138/50 566/1139/50 569/1140/50 564/1141/50 565/1142/50 577/1143/50
f 897/1144/93 910/1145/93 911/1146/93 905/1147/93 902/1148/93 901/1149/93 912/1150/93 909/1151/93 906/1152/93 908/1153/93 904/1154/93 914/1155/93 903/1156/93 907/1157/93 913/1158/93 846/1159/93 849/1160/93 856/1161/93 855/1162/93 850/1163/93 851/1164/93 852/1165/93 853/1166/93 854/1167/93 848/1168/93 847/1169/93 858/1170/93 857/1171/93 845/1172/93 924/1173/93 925/1174/93 919/1175/93 916/1176/93 915/1177/93 926/1178/93 923/1179/93 920/1180/93 922/1181/93 918/1182/93 928/1183/93 917/1184/93 921/1185/93 927/1186/93 893/1187/93 890/1188/93 894/1189/93 895/1190/93 899/1191/93 898/1192/93 896/1193/93 891/1194/93 889/1195/93 892/1196/93 887/1197/93 888/1198/93 900/1199/93
f 1009/1200/128 1022/1201/128 1023/1202/128 1017/1203/128 1014/1204/128 1013/1205/128 1024/1206/128 1021/1207/128 1018/1208/128 1020/1209/128 1016/1210/128 1026/1211/128 1015/1212/128 1019/1213/128 1025/1214/128 958/1215/128 961/1216/128 968/1217/128 967/1218/128 962/1219/128 963/1220/128 964/1221/128 965/1222/128 966/1223/128 960/1224/128 959/1225/128 970/1226/128 969/1227/128 957/1228/128 1036/1229/128 1037/1230/128 1031/1231/128 1028/1232/128 1027/1233/128 1038/1234/128 1035/1235/128 1032/1236/128 1034/1237/128 1030/1238/128 1040/1239/128 1029/1240/128 1033/1241/128 1039/1242/128 1005/1243/128 1002/1244/128 1006/1245/128 1007/1246/128 1011/1247/128 1010/1248/128 1008/1249/128 1003/1250/128 1001/1251/128 1004/1252/128 999/1253/128 1000/1254/128 1012/1255/128
usemtl Material.005
f 5/1256/466 1160/1257/466 1146/1258/466 2/1259/466
f 9/1260/467 5/1261/467 2/1262/467 8/1263/467
f 7/1264/467 1/1265/467 5/1261/467 9/1260/467
f 1/1266/468 1158/1267/468 1160/1257/468 5/1256/468
f 3/1268/467 7/1264/467 9/1260/467 6/1269/467
f 6/1269/467 9/1260/467 8/1263/467 4/1270/467
f 14/1271/466 1140/1272/466 1138/1273/466 11/1274/466
f 18/1275/467 14/1276/467 11/1277/467 16/1278/467
f 17/1279/467 10/1280/467 14/1276/467 18/1275/467
f 10/1281/468 1139/1282/468 1140/1272/468 14/1271/468
f 12/1283/467 17/1279/467 18/1275/467 15/1284/467
f 15/1284/467 18/1275/467 16/1278/467 13/1285/467
f 23/1286/466 1159/1287/466 1153/1288/466 20/1289/466
f 27/1290/467 23/1291/467 20/1292/467 26/1293/467
f 25/1294/467 19/1295/467 23/1291/467 27/1290/467
f 19/1296/468 1156/1297/468 1159/1287/468 23/1286/468
f 21/1298/467 25/1294/467 27/1290/467 24/1299/467
f 24/1299/467 27/1290/467 26/1293/467 22/1300/467
f 36/1301/469 33/1302/469 31/1303/469 35/1304/469
f 33/1302/470 1114/1305/470 1111/1306/470 31/1303/470
f 34/1307/471 1115/1308/471 1112/1309/471 30/1310/471
f 35/1311/472 1113/1312/472 1117/1313/472 1116/1314/472 29/1315/472
f 30/1310/473 1112/1309/473 1114/1305/473 33/1302/473
f 34/1316/469 30/1310/469 33/1302/469 36/1301/469
f 28/1317/469 34/1316/469 36/1301/469 32/1318/469
f 31/1303/474 1111/1306/474 1113/1312/474 35/1311/474
f 28/1319/475 1119/1320/475 1118/1321/475 1115/1308/475 34/1307/475
f 32/1318/469 36/1301/469 35/1304/469 29/1322/469
f 45/1323/469 42/1324/469 40/1325/469 43/1326/469
f 42/1324/470 1106/1327/470 1104/1328/470 40/1325/470
f 44/1329/471 1102/1330/471 1101/1331/471 1103/1332/471 39/1333/471
f 43/1334/472 1107/1335/472 1108/1336/472 38/1337/472
f 39/1333/473 1103/1332/473 1106/1327/473 42/1324/473
f 44/1338/469 39/1333/469 42/1324/469 45/1323/469
f 37/1339/469 44/1338/469 45/1323/469 41/1340/469
f 40/1325/474 1104/1328/474 1105/1341/474 1107/1335/474 43/1334/474
f 37/1342/475 1109/1343/475 1102/1330/475 44/1329/475
f 41/1340/469 45/1323/469 43/1326/469 38/1344/469
f 54/1345/469 51/1346/469 49/1347/469 53/1348/469
f 51/1346/470 1128/1349/470 1124/1350/470 49/1347/470
f 52/1351/471 1125/1352/471 1130/1353/471 48/1354/471
f 53/1355/472 1121/1356/472 1122/1357/472 1123/1358/472 47/1359/472
f 48/1354/473 1130/1353/473 1128/1349/473 51/1346/473
f 52/1360/469 48/1354/469 51/1346/469 54/1345/469
f 46/1361/469 52/1360/469 54/1345/469 50/1362/469
f 49/1347/474 1124/1350/474 1121/1356/474 53/1355/474
f 46/1363/475 1126/1364/475 1127/1365/475 1125/1352/475 52/1351/475
f 50/1362/469 54/1345/469 53/1348/469 47/1366/469
f 59/1367/476 1099/1368/476 1088/1369/476 56/1370/476
f 63/1371/477 59/1372/477 56/1373/477 62/1374/477
f 61/1375/477 55/1376/477 59/1372/477 63/1371/477
f 55/1377/478 1089/1378/478 1099/1368/478 59/1367/478
f 57/1379/477 61/1375/477 63/1371/477 60/1380/477
f 60/1380/477 63/1371/477 62/1374/477 58/1381/477
f 68/1382/476 1080/1383/476 1079/1384/476 65/1385/476
f 72/1386/477 68/1387/477 65/1388/477 70/1389/477
f 71/1390/477 64/1391/477 68/1387/477 72/1386/477
f 64/1392/478 1078/1393/478 1080/1383/478 68/1382/478
f 66/1394/477 71/1390/477 72/1386/477 69/1395/477
f 69/1395/477 72/1386/477 70/1389/477 67/1396/477
f 77/1397/476 1100/1398/476 1095/1399/476 74/1400/476
f 81/1401/477 77/1402/477 74/1403/477 80/1404/477
f 79/1405/477 73/1406/477 77/1402/477 81/1401/477
f 73/1407/478 1096/1408/478 1100/1398/478 77/1397/478
f 75/1409/477 79/1405/477 81/1401/477 78/1410/477
f 78/1410/477 81/1401/477 80/1404/477 76/1411/477
f 90/1412/479 87/1413/479 85/1414/479 89/1415/479
f 87/1413/480 1055/1416/480 1051/1417/480 85/1414/480
f 88/1418/481 1053/1419/481 1052/1420/481 1054/1421/481 84/1422/481
f 89/1423/482 1056/1424/482 1058/1425/482 83/1426/482
f 84/1422/483 1054/1421/483 1055/1416/483 87/1413/483
f 88/1427/479 84/1422/479 87/1413/479 90/1412/479
f 82/1428/479 88/1427/479 90/1412/479 86/1429/479
f 85/1414/484 1051/1417/484 1057/1430/484 1056/1424/484 89/1423/484
f 82/1431/485 1059/1432/485 1053/1419/485 88/1418/485
f 86/1429/479 90/1412/479 89/1415/479 83/1433/479
f 99/1434/479 96/1435/479 94/1436/479 97/1437/479
f 96/1435/480 1046/1438/480 1044/1439/480 94/1436/480
f 98/1440/481 1042/1441/481 1041/1442/481 1043/1443/481 93/1444/481
f 97/1445/482 1047/1446/482 1049/1447/482 92/1448/482
f 93/1444/483 1043/1443/483 1046/1438/483 96/1435/483
f 98/1449/479 93/1444/479 96/1435/479 99/1434/479
f 91/1450/479 98/1449/479 99/1434/479 95/1451/479
f 94/1436/484 1044/1439/484 1045/1452/484 1047/1446/484 97/1445/484
f 91/1453/485 1048/1454/485 1042/1441/485 98/1440/485
f 95/1451/479 99/1434/479 97/1437/479 92/1455/479
f 108/1456/479 105/1457/479 103/1458/479 107/1459/479
f 105/1457/480 1060/1460/480 1061/1461/480 103/1458/480
f 106/1462/481 1063/1463/481 1062/1464/481 1064/1465/481 102/1466/481
f 107/1467/482 1068/1468/482 1065/1469/482 101/1470/482
f 102/1466/483 1064/1465/483 1060/1460/483 105/1457/483
f 106/1471/479 102/1466/479 105/1457/479 108/1456/479
f 100/1472/479 106/1471/479 108/1456/479 104/1473/479
f 103/1458/484 1061/1461/484 1066/1474/484 1068/1468/484 107/1467/484
f 100/1475/485 1067/1476/485 1063/1463/485 106/1462/485
f 104/1473/479 108/1456/479 107/1459/479 101/1477/479
f 1070/1478/476 104/1473/476 101/1477/476 1065/1479/476
f 1050/1480/476 95/1451/476 92/1455/476 1049/1481/476
f 1048/1482/478 91/1450/478 95/1451/478 1050/1480/478
f 1069/1483/476 86/1429/476 83/1433/476 1058/1484/476
f 1067/1485/478 100/1472/478 104/1473/478 1070/1478/478
f 1059/1486/478 82/1428/478 86/1429/478 1069/1483/478
f 1090/1487/480 78/1410/480 76/1411/480 1091/1488/480
f 1083/1489/483 57/1379/483 60/1380/483 1085/1490/483
f 1082/1491/481 61/1492/481 57/1379/481 1083/1489/481 1084/1493/481
f 1075/1494/480 69/1395/480 67/1396/480 1074/1495/480
f 1096/1496/485 73/1497/485 79/1498/485 1092/1499/485
f 1085/1490/480 60/1380/480 58/1381/480 1081/1500/480
f 1081/1500/484 58/1381/484 62/1501/484 1087/1502/484 1086/1503/484
f 1074/1495/484 67/1396/484 70/1504/484 1076/1505/484 1077/1506/484
f 1089/1507/485 55/1508/485 61/1492/485 1082/1491/485
f 1076/1505/482 70/1504/482 65/1509/482 1079/1510/482
f 1087/1502/482 62/1501/482 56/1511/482 1088/1512/482
f 1073/1513/483 66/1394/483 69/1395/483 1075/1494/483
f 1091/1488/484 76/1411/484 80/1514/484 1098/1515/484 1097/1516/484
f 1098/1515/482 80/1514/482 74/1517/482 1095/1518/482
f 1078/1519/485 64/1520/485 71/1521/485 1071/1522/485
f 1093/1523/483 75/1409/483 78/1410/483 1090/1487/483
f 1071/1522/481 71/1521/481 66/1394/481 1073/1513/481 1072/1524/481
f 1092/1499/481 79/1498/481 75/1409/481 1093/1523/481 1094/1525/481
f 1129/1526/466 50/1362/466 47/1366/466 1123/1527/466
f 1110/1528/466 41/1340/466 38/1344/466 1108/1529/466
f 1109/1530/468 37/1339/468 41/1340/468 1110/1528/468
f 1120/1531/466 32/1318/466 29/1322/466 1116/1532/466
f 1126/1533/468 46/1361/468 50/1362/468 1129/1526/468
f 1119/1534/468 28/1317/468 32/1318/468 1120/1531/468
f 1150/1535/470 24/1299/470 22/1300/470 1155/1536/470
f 1142/1537/473 3/1268/473 6/1269/473 1144/1538/473
f 1145/1539/471 7/1540/471 3/1268/471 1142/1537/471
f 1135/1541/470 15/1284/470 13/1285/470 1134/1542/470
f 1156/1543/475 19/1544/475 25/1545/475 1149/1546/475 1157/1547/475
f 1144/1538/470 6/1269/470 4/1270/470 1141/1548/470
f 1141/1548/474 4/1270/474 8/1549/474 1143/1550/474
f 1134/1542/474 13/1285/474 16/1551/474 1137/1552/474 1136/1553/474
f 1158/1554/475 1/1555/475 7/1540/475 1145/1539/475 1148/1556/475
f 1137/1552/472 16/1551/472 11/1557/472 1138/1558/472
f 1143/1550/472 8/1549/472 2/1559/472 1146/1560/472 1147/1561/472
f 1132/1562/473 12/1283/473 15/1284/473 1135/1541/473
f 1155/1536/474 22/1300/474 26/1563/474 1151/1564/474
f 1151/1564/472 26/1563/472 20/1565/472 1153/1566/472 1152/1567/472
f 1139/1568/475 10/1569/475 17/1570/475 1131/1571/475
f 1154/1572/473 21/1298/473 24/1299/473 1150/1535/473
f 1131/1571/471 17/1570/471 12/1283/471 1132/1562/471 1133/1573/471
f 1149/1546/471 25/1545/471 21/1298/471 1154/1572/471
usemtl stairs
f 1171/1574/467 1162/1575/467 1164/1576/467 1172/1577/467
f 1172/1578/477 1164/1579/477 1168/1580/477 1175/1581/477
f 1175/1582/469 1168/1583/469 1166/1584/469 1178/1585/469
f 1178/1586/479 1166/1587/479 1162/1588/479 1171/1589/479
f 1163/1590/61 1167/1591/61 1165/1592/61 1161/1593/61
f 1168/1594/62 1164/1595/62 1162/1596/62 1166/1597/62
f 1174/1598/62 1177/1599/62 1185/1600/62 1183/1601/62
f 1170/1602/62 1173/1603/62 1191/1604/62 1190/1605/62
f 1173/1606/61 1170/1607/61 1197/1608/61 1200/1609/61
f 1161/1593/61 1165/1592/61 1186/1610/61 1182/1611/61
f 1179/1612/62 1170/1602/62 1190/1605/62 1195/1613/62
f 1170/1607/61 1179/1614/61 1204/1615/61 1197/1608/61
f 1177/1599/62 1180/1616/62 1187/1617/62 1185/1600/62
f 1180/1618/61 1177/1619/61 1194/1620/61 1196/1621/61
f 1175/1622/62 1178/1623/62 1203/1624/62 1201/1625/62
f 1165/1592/61 1167/1591/61 1184/1626/61 1186/1610/61
f 1173/1603/62 1176/1627/62 1193/1628/62 1191/1604/62
f 1176/1629/61 1173/1606/61 1200/1609/61 1202/1630/61
f 1186/1631/479 1187/1632/479 1188/1633/479 1182/1634/479
f 1184/1635/469 1185/1636/469 1187/1637/469 1186/1638/469
f 1181/1639/477 1183/1640/477 1185/1641/477 1184/1642/477
f 1182/1643/467 1188/1644/467 1183/1645/467 1181/1646/467
f 1167/1591/61 1163/1590/61 1181/1647/61 1184/1626/61
f 1180/1616/62 1169/1648/62 1188/1649/62 1187/1617/62
f 1169/1648/62 1174/1598/62 1183/1601/62 1188/1649/62
f 1163/1590/61 1161/1593/61 1182/1611/61 1181/1647/61
f 1196/1650/479 1195/1651/479 1190/1652/479 1189/1653/479
f 1194/1654/469 1193/1655/469 1195/1656/469 1196/1657/469
f 1192/1658/477 1191/1659/477 1193/1660/477 1194/1661/477
f 1189/1662/467 1190/1663/467 1191/1664/467 1192/1665/467
f 1177/1619/61 1174/1666/61 1192/1667/61 1194/1620/61
f 1176/1627/62 1179/1612/62 1195/1613/62 1193/1628/62
f 1169/1668/61 1180/1618/61 1196/1621/61 1189/1669/61
f 1174/1666/61 1169/1668/61 1189/1669/61 1192/1667/61
f 1204/1670/479 1203/1671/479 1198/1672/479 1197/1673/479
f 1202/1674/469 1201/1675/469 1203/1676/469 1204/1677/469
f 1200/1678/477 1199/1679/477 1201/1680/477 1202/1681/477
f 1197/1682/467 1198/1683/467 1199/1684/467 1200/1685/467
f 1172/1686/62 1175/1622/62 1201/1625/62 1199/1687/62
f 1179/1614/61 1176/1629/61 1202/1630/61 1204/1615/61
f 1178/1623/62 1171/1688/62 1198/1689/62 1203/1624/62
f 1171/1688/62 1172/1686/62 1199/1687/62 1198/1689/62
l 134 125
l 143 134
l 152 143
l 161 152
l 170 161
l 179 170
l 188 179
l 335 326
l 344 335
l 353 344
l 362 353
l 371 362
l 380 371
l 381 380
l 125 381
